"sanity_id","artwork_name","creator_name","year","category","slug","profiles_creator_search_url","profiles_artwork_search_url"
"hEWOpVV05Nk2Wkv6vKs7hz","Achim Gersmann_Crown QR","Achim Gersmann","2012","Design Jewelry","achim-gersmann-artwork-vks7hz","https://artaurea.de/profiles/?s=Achim%20Gersmann","https://artaurea.de/profiles/?s=Achim%20Gersmann%20Crown%20QR"
"hEWOpVV05Nk2Wkv6vKs83l","Achim Gersmann_Crown QR","Achim Gersmann","2012","Design Jewelry","achim-gersmann-artwork-vks83l","https://artaurea.de/profiles/?s=Achim%20Gersmann","https://artaurea.de/profiles/?s=Achim%20Gersmann%20Crown%20QR"
"hEWOpVV05Nk2Wkv6vKs7dd","Achim Gersmann_Orbit 1","Achim Gersmann","","Design Jewelry","achim-gersmann-artwork-vks7dd","https://artaurea.de/profiles/?s=Achim%20Gersmann","https://artaurea.de/profiles/?s=Achim%20Gersmann%20Orbit%201"
"MnHq3gipaho0Iv07wn0c4L","Aino Nebel_Kupferschale","Aino Nebel","2007","Ceramic Art","aino-nebel-artwork-wn0c4l","https://artaurea.de/profiles/?s=Aino%20Nebel","https://artaurea.de/profiles/?s=Aino%20Nebel%20Kupferschale"
"MnHq3gipaho0Iv07wn0bzG","Aino Nebel_Wäschestück","Aino Nebel","2008","Ceramic Art","aino-nebel-artwork-wn0bzg","https://artaurea.de/profiles/?s=Aino%20Nebel","https://artaurea.de/profiles/?s=Aino%20Nebel%20W%C3%A4schest%C3%BCck"
"hEWOpVV05Nk2Wkv6vKsMFR","Angela Huebel_Mikado","Angela Huebel","","Design Jewelry","angela-huebel-artwork-vksmfr","https://artaurea.de/profiles/?s=Angela%20Huebel","https://artaurea.de/profiles/?s=Angela%20Huebel%20Mikado"
"hEWOpVV05Nk2Wkv6vKsMB5","Angela Huebel_Zebra","Angela Huebel","","Design Jewelry","angela-huebel-artwork-vksmb5","https://artaurea.de/profiles/?s=Angela%20Huebel","https://artaurea.de/profiles/?s=Angela%20Huebel%20Zebra"
"hEWOpVV05Nk2Wkv6vKs3up","Anne Fischer_o.T.","Anne Fischer","","Metal Art","anne-fischer-artwork-vks3up","https://artaurea.de/profiles/?s=Anne%20Fischer","https://artaurea.de/profiles/?s=Anne%20Fischer%20o.T."
"MnHq3gipaho0Iv07wn00NF","Anne Ute Kaden_Alloy 925","Anne Ute Kaden","","Art Jewelry","anne-ute-kaden-artwork-wn00nf","https://artaurea.de/profiles/?s=Anne%20Ute%20Kaden","https://artaurea.de/profiles/?s=Anne%20Ute%20Kaden%20Alloy%20925"
"5Nnn2PqcEKG4dqRP9jBu9a","Babette von Dohnanyi_Blue Velvet","Babette von Dohnanyi","2012","Art Jewelry","babette-von-dohnanyi-artwork-9jbu9a","https://artaurea.de/profiles/?s=Babette%20von%20Dohnanyi","https://artaurea.de/profiles/?s=Babette%20von%20Dohnanyi%20Blue%20Velvet"
"5Nnn2PqcEKG4dqRP9jBuEE","Babette von Dohnanyi_Mirror Hero","Babette von Dohnanyi","","Art Jewelry","babette-von-dohnanyi-artwork-9jbuee","https://artaurea.de/profiles/?s=Babette%20von%20Dohnanyi","https://artaurea.de/profiles/?s=Babette%20von%20Dohnanyi%20Mirror%20Hero"
"5Nnn2PqcEKG4dqRP9jBu0I","Babette von Dohnanyi_Rocks","Babette von Dohnanyi","","Art Jewelry","babette-von-dohnanyi-artwork-9jbu0i","https://artaurea.de/profiles/?s=Babette%20von%20Dohnanyi","https://artaurea.de/profiles/?s=Babette%20von%20Dohnanyi%20Rocks"
"5Nnn2PqcEKG4dqRP9jBu4w","Babette von Dohnanyi_Template","Babette von Dohnanyi","2013","Art Jewelry","babette-von-dohnanyi-artwork-9jbu4w","https://artaurea.de/profiles/?s=Babette%20von%20Dohnanyi","https://artaurea.de/profiles/?s=Babette%20von%20Dohnanyi%20Template"
"5Nnn2PqcEKG4dqRP9jCn4U","Barbara Nanning_Botanica","Barbara Nanning","","Ceramic Art","barbara-nanning-artwork-9jcn4u","https://artaurea.de/profiles/?s=Barbara%20Nanning","https://artaurea.de/profiles/?s=Barbara%20Nanning%20Botanica"
"5Nnn2PqcEKG4dqRP9jCpFC","Barbara Nanning_Cacahouète","Barbara Nanning","","Ceramic Art","barbara-nanning-artwork-9jcpfc","https://artaurea.de/profiles/?s=Barbara%20Nanning","https://artaurea.de/profiles/?s=Barbara%20Nanning%20Cacahou%C3%A8te"
"5Nnn2PqcEKG4dqRP9jCpT8","Barbara Nanning_Chang Chang","Barbara Nanning","","Ceramic Art","barbara-nanning-artwork-9jcpt8","https://artaurea.de/profiles/?s=Barbara%20Nanning","https://artaurea.de/profiles/?s=Barbara%20Nanning%20Chang%20Chang"
"5Nnn2PqcEKG4dqRP9jCm66","Barbara Nanning_Galaxy","Barbara Nanning","","Ceramic Art","barbara-nanning-artwork-9jcm66","https://artaurea.de/profiles/?s=Barbara%20Nanning","https://artaurea.de/profiles/?s=Barbara%20Nanning%20Galaxy"
"5Nnn2PqcEKG4dqRP9jCmFO","Barbara Nanning_Galaxy","Barbara Nanning","","Ceramic Art","barbara-nanning-artwork-9jcmfo","https://artaurea.de/profiles/?s=Barbara%20Nanning","https://artaurea.de/profiles/?s=Barbara%20Nanning%20Galaxy"
"5Nnn2PqcEKG4dqRP9jCmK2","Barbara Nanning_Galaxy","Barbara Nanning","","Ceramic Art","barbara-nanning-artwork-9jcmk2","https://artaurea.de/profiles/?s=Barbara%20Nanning","https://artaurea.de/profiles/?s=Barbara%20Nanning%20Galaxy"
"5Nnn2PqcEKG4dqRP9jCn98","Barbara Nanning_Reclining Flower","Barbara Nanning","","Ceramic Art","barbara-nanning-artwork-9jcn98","https://artaurea.de/profiles/?s=Barbara%20Nanning","https://artaurea.de/profiles/?s=Barbara%20Nanning%20Reclining%20Flower"
"5Nnn2PqcEKG4dqRP9jCmvC","Barbara Nanning_Seres","Barbara Nanning","","Ceramic Art","barbara-nanning-artwork-9jcmvc","https://artaurea.de/profiles/?s=Barbara%20Nanning","https://artaurea.de/profiles/?s=Barbara%20Nanning%20Seres"
"5Nnn2PqcEKG4dqRP9jCpqM","Barbara Nanning_Tendresse","Barbara Nanning","","Ceramic Art","barbara-nanning-artwork-9jcpqm","https://artaurea.de/profiles/?s=Barbara%20Nanning","https://artaurea.de/profiles/?s=Barbara%20Nanning%20Tendresse"
"5Nnn2PqcEKG4dqRP9jCmOg",","Barbara Nanning","","Ceramic Art","barbara-nanning-artwork-9jcmog","https://artaurea.de/profiles/?s=Barbara%20Nanning","https://artaurea.de/profiles/?s=Barbara%20Nanning%20Terra"
"5Nnn2PqcEKG4dqRP9jCmTK","Barbara Nanning_Terra","Barbara Nanning","","Ceramic Art","barbara-nanning-artwork-9jcmtk","https://artaurea.de/profiles/?s=Barbara%20Nanning","https://artaurea.de/profiles/?s=Barbara%20Nanning%20Terra"
"5Nnn2PqcEKG4dqRP9jCmXy","Barbara Nanning_Terra","Barbara Nanning","","Ceramic Art","barbara-nanning-artwork-9jcmxy","https://artaurea.de/profiles/?s=Barbara%20Nanning","https://artaurea.de/profiles/?s=Barbara%20Nanning%20Terra"
"5Nnn2PqcEKG4dqRP9jCmcc","Barbara Nanning_Terra","Barbara Nanning","","Ceramic Art","barbara-nanning-artwork-9jcmcc","https://artaurea.de/profiles/?s=Barbara%20Nanning","https://artaurea.de/profiles/?s=Barbara%20Nanning%20Terra"
"5Nnn2PqcEKG4dqRP9jCmhG","Barbara Nanning_Terra","Barbara Nanning","","Ceramic Art","barbara-nanning-artwork-9jcmhg","https://artaurea.de/profiles/?s=Barbara%20Nanning","https://artaurea.de/profiles/?s=Barbara%20Nanning%20Terra"
"5Nnn2PqcEKG4dqRP9jCmlu","Barbara Nanning_Transmutation","Barbara Nanning","","Ceramic Art","barbara-nanning-artwork-9jcmlu","https://artaurea.de/profiles/?s=Barbara%20Nanning","https://artaurea.de/profiles/?s=Barbara%20Nanning%20Transmutation"
"5Nnn2PqcEKG4dqRP9jCmqY","Barbara Nanning_Transmutation","Barbara Nanning","","Ceramic Art","barbara-nanning-artwork-9jcmqy","https://artaurea.de/profiles/?s=Barbara%20Nanning","https://artaurea.de/profiles/?s=Barbara%20Nanning%20Transmutation"
"hEWOpVV05Nk2Wkv6vKsAAP","Batho Gündra_Stairs","Batho Gündra","2011","Design Jewelry","batho-gndra-artwork-vksaap","https://artaurea.de/profiles/?s=Batho%20G%C3%BCndra","https://artaurea.de/profiles/?s=Batho%20G%C3%BCndra%20Stairs"
"hEWOpVV05Nk2Wkv6vKs9xL","Batho Gündra_Sun and Moon","Batho Gündra","","Design Jewelry","batho-gndra-artwork-vks9xl","https://artaurea.de/profiles/?s=Batho%20G%C3%BCndra","https://artaurea.de/profiles/?s=Batho%20G%C3%BCndra%20Sun%20and%20Moon"
"hEWOpVV05Nk2Wkv6vKsAEl","Batho Gündra_Untitled","Batho Gündra","2012","Design Jewelry","batho-gndra-artwork-vksael","https://artaurea.de/profiles/?s=Batho%20G%C3%BCndra","https://artaurea.de/profiles/?s=Batho%20G%C3%BCndra%20Untitled"
"MnHq3gipaho0Iv07wmzfYl","Beate Eismann_Printed Matter","Beate Eismann","","Art Jewelry","beate-eismann-artwork-wmzfyl","https://artaurea.de/profiles/?s=Beate%20Eismann","https://artaurea.de/profiles/?s=Beate%20Eismann%20Printed%20Matter"
"MnHq3gipaho0Iv07wmzfdq","Beate Eismann_Printed Matter","Beate Eismann","","Art Jewelry","beate-eismann-artwork-wmzfdq","https://artaurea.de/profiles/?s=Beate%20Eismann","https://artaurea.de/profiles/?s=Beate%20Eismann%20Printed%20Matter"
"MnHq3gipaho0Iv07wmzfo0","Beate Eismann_Printed Matter","Beate Eismann","","Art Jewelry","beate-eismann-artwork-wmzfo0","https://artaurea.de/profiles/?s=Beate%20Eismann","https://artaurea.de/profiles/?s=Beate%20Eismann%20Printed%20Matter"
"hEWOpVV05Nk2Wkv6vKsCpt","Bernard Heesen_Bottle, 2012","Bernard Heesen","2012","Studio Glass","bernard-heesen-artwork-vkscpt","https://artaurea.de/profiles/?s=Bernard%20Heesen","https://artaurea.de/profiles/?s=Bernard%20Heesen%20Bottle%2C%202012"
"hEWOpVV05Nk2Wkv6vKsClX","Bernard Heesen_Cup, 2012","Bernard Heesen","2012","Studio Glass","bernard-heesen-artwork-vksclx","https://artaurea.de/profiles/?s=Bernard%20Heesen","https://artaurea.de/profiles/?s=Bernard%20Heesen%20Cup%2C%202012"
"hEWOpVV05Nk2Wkv6vKsArx","Bernard Heesen_Glass object","Bernard Heesen","","Studio Glass","bernard-heesen-artwork-vksarx","https://artaurea.de/profiles/?s=Bernard%20Heesen","https://artaurea.de/profiles/?s=Bernard%20Heesen%20Glass%20object"
"hEWOpVV05Nk2Wkv6vKsAwJ","Bernard Heesen_Glass object","Bernard Heesen","","Studio Glass","bernard-heesen-artwork-vksawj","https://artaurea.de/profiles/?s=Bernard%20Heesen","https://artaurea.de/profiles/?s=Bernard%20Heesen%20Glass%20object"
"hEWOpVV05Nk2Wkv6vKsB0f","Bernard Heesen_Kratervase, 2003","Bernard Heesen","2003","Studio Glass","bernard-heesen-artwork-vksb0f","https://artaurea.de/profiles/?s=Bernard%20Heesen","https://artaurea.de/profiles/?s=Bernard%20Heesen%20Kratervase%2C%202003"
"hEWOpVV05Nk2Wkv6vKsChB","Bernard Heesen_Vase, 1996","Bernard Heesen","1996","Studio Glass","bernard-heesen-artwork-vkschb","https://artaurea.de/profiles/?s=Bernard%20Heesen","https://artaurea.de/profiles/?s=Bernard%20Heesen%20Vase%2C%201996"
"hEWOpVV05Nk2Wkv6vKsB51","Bernard Heesen_Vase, 2000","Bernard Heesen","2000","Studio Glass","bernard-heesen-artwork-vksb51","https://artaurea.de/profiles/?s=Bernard%20Heesen","https://artaurea.de/profiles/?s=Bernard%20Heesen%20Vase%2C%202000"
"hEWOpVV05Nk2Wkv6vKsCcp","Bernard Heesen_Vase, 2000","Bernard Heesen","2000","Studio Glass","bernard-heesen-artwork-vksccp","https://artaurea.de/profiles/?s=Bernard%20Heesen","https://artaurea.de/profiles/?s=Bernard%20Heesen%20Vase%2C%202000"
"hEWOpVV05Nk2Wkv6vKs7Hr","Bettina Geistlich_Circulus","Bettina Geistlich","2012","Design Jewelry","bettina-geistlich-artwork-vks7hr","https://artaurea.de/profiles/?s=Bettina%20Geistlich","https://artaurea.de/profiles/?s=Bettina%20Geistlich%20Circulus"
"hEWOpVV05Nk2Wkv6vKs7DV","Bettina Geistlich_Trema","Bettina Geistlich","","Design Jewelry","bettina-geistlich-artwork-vks7dv","https://artaurea.de/profiles/?s=Bettina%20Geistlich","https://artaurea.de/profiles/?s=Bettina%20Geistlich%20Trema"
"hEWOpVV05Nk2Wkv6vKs799","Bettina Geistlich_Velvel","Bettina Geistlich","2011","Design Jewelry","bettina-geistlich-artwork-vks799","https://artaurea.de/profiles/?s=Bettina%20Geistlich","https://artaurea.de/profiles/?s=Bettina%20Geistlich%20Velvel"
"hEWOpVV05Nk2Wkv6vKs7MD","Bettina Geistlich_Vimina","Bettina Geistlich","","Design Jewelry","bettina-geistlich-artwork-vks7md","https://artaurea.de/profiles/?s=Bettina%20Geistlich","https://artaurea.de/profiles/?s=Bettina%20Geistlich%20Vimina"
"hEWOpVV05Nk2Wkv6vKs74n","Bettina Geistlich_Yedris","Bettina Geistlich","2010","Design Jewelry","bettina-geistlich-artwork-vks74n","https://artaurea.de/profiles/?s=Bettina%20Geistlich","https://artaurea.de/profiles/?s=Bettina%20Geistlich%20Yedris"
"5Nnn2PqcEKG4dqRP9jBoSY","Carl Dau_Monochrom","Carl Dau","2010","Design Jewelry","carl-dau-artwork-9jbosy","https://artaurea.de/profiles/?s=Carl%20Dau","https://artaurea.de/profiles/?s=Carl%20Dau%20Monochrom"
"5Nnn2PqcEKG4dqRP9jBqPK","Carl Dau_ar-oval 3","Carl Dau","","Design Jewelry","carl-dau-artwork-9jbqpk","https://artaurea.de/profiles/?s=Carl%20Dau","https://artaurea.de/profiles/?s=Carl%20Dau%20ar-oval%203"
"MnHq3gipaho0Iv07wn0HKw","Christof Lungwitz_back-upp","Christof Lungwitz","","Woodwork | Paper","christof-lungwitz-artwork-wn0hkw","https://artaurea.de/profiles/?s=Christof%20Lungwitz","https://artaurea.de/profiles/?s=Christof%20Lungwitz%20back-upp"
"hEWOpVV05Nk2Wkv6vKsJMt","Claudia Hoppe_spraypaint","Claudia Hoppe","2017","Design Jewelry","claudia-hoppe-artwork-vksjmt","https://artaurea.de/profiles/?s=Claudia%20Hoppe","https://artaurea.de/profiles/?s=Claudia%20Hoppe%20spraypaint"
"hEWOpVV05Nk2Wkv6vKsJZx","Claudia Hoppe_the edge of chaos_1","Claudia Hoppe","","Design Jewelry","claudia-hoppe-artwork-vksjzx","https://artaurea.de/profiles/?s=Claudia%20Hoppe","https://artaurea.de/profiles/?s=Claudia%20Hoppe%20the%20edge%20of%20chaos%201"
"hEWOpVV05Nk2Wkv6vKsDbn","Corinna Heller_Havanna","Corinna Heller","","Design Jewelry","corinna-heller-artwork-vksdbn","https://artaurea.de/profiles/?s=Corinna%20Heller","https://artaurea.de/profiles/?s=Corinna%20Heller%20Havanna"
"5Nnn2PqcEKG4dqRP9jCN4c","Deok Ho Kim_Vestige","Deok Ho Kim","2014","Ceramic Art","deok-ho-kim-artwork-9jcn4c","https://artaurea.de/profiles/?s=Deok%20Ho%20Kim","https://artaurea.de/profiles/?s=Deok%20Ho%20Kim%20Vestige"
"5Nnn2PqcEKG4dqRP9jCN9G","Deok Ho Kim_Vestige","Deok Ho Kim","2014","Ceramic Art","deok-ho-kim-artwork-9jcn9g","https://artaurea.de/profiles/?s=Deok%20Ho%20Kim","https://artaurea.de/profiles/?s=Deok%20Ho%20Kim%20Vestige"
"5Nnn2PqcEKG4dqRP9jCNDu","Deok Ho Kim_Vestige","Deok Ho Kim","2014","Ceramic Art","deok-ho-kim-artwork-9jcndu","https://artaurea.de/profiles/?s=Deok%20Ho%20Kim","https://artaurea.de/profiles/?s=Deok%20Ho%20Kim%20Vestige"
"5Nnn2PqcEKG4dqRP9jCNIY","Deok Ho Kim_Vestige","Deok Ho Kim","2015","Ceramic Art","deok-ho-kim-artwork-9jcniy","https://artaurea.de/profiles/?s=Deok%20Ho%20Kim","https://artaurea.de/profiles/?s=Deok%20Ho%20Kim%20Vestige"
"5Nnn2PqcEKG4dqRP9jCNNC","Deok Ho Kim_Vestige","Deok Ho Kim","2014","Ceramic Art","deok-ho-kim-artwork-9jcnnc","https://artaurea.de/profiles/?s=Deok%20Ho%20Kim","https://artaurea.de/profiles/?s=Deok%20Ho%20Kim%20Vestige"
"5Nnn2PqcEKG4dqRP9jCNRq","Deok Ho Kim_Vestige","Deok Ho Kim","2015","Ceramic Art","deok-ho-kim-artwork-9jcnrq","https://artaurea.de/profiles/?s=Deok%20Ho%20Kim","https://artaurea.de/profiles/?s=Deok%20Ho%20Kim%20Vestige"
"5Nnn2PqcEKG4dqRP9jCNWU","Deok Ho Kim_Vestige","Deok Ho Kim","2015","Ceramic Art","deok-ho-kim-artwork-9jcnwu","https://artaurea.de/profiles/?s=Deok%20Ho%20Kim","https://artaurea.de/profiles/?s=Deok%20Ho%20Kim%20Vestige"
"5Nnn2PqcEKG4dqRP9jCQIM","Dominique Labordery_Tsure","Dominique Labordery","","Art Jewelry","dominique-labordery-artwork-9jcqim","https://artaurea.de/profiles/?s=Dominique%20Labordery","https://artaurea.de/profiles/?s=Dominique%20Labordery%20Tsure"
"5Nnn2PqcEKG4dqRP9jCOGw","Dong-Hyun Kim_Sharing","Dong-Hyun Kim","","Metal Art","dong-hyun-kim-artwork-9jcogw","https://artaurea.de/profiles/?s=Dong-Hyun%20Kim","https://artaurea.de/profiles/?s=Dong-Hyun%20Kim%20Sharing"
"5Nnn2PqcEKG4dqRP9jCOLa","Dong-Hyun Kim_Watering IV","Dong-Hyun Kim","","Metal Art","dong-hyun-kim-artwork-9jcola","https://artaurea.de/profiles/?s=Dong-Hyun%20Kim","https://artaurea.de/profiles/?s=Dong-Hyun%20Kim%20Watering%20IV"
"MnHq3gipaho0Iv07wmzZPi","Dorothea Brill_Meter-weise Blume","Dorothea Brill","2018","Design Jewelry","dorothea-brill-artwork-wmzzpi","https://artaurea.de/profiles/?s=Dorothea%20Brill","https://artaurea.de/profiles/?s=Dorothea%20Brill%20Meter-weise%20Blume"
"MnHq3gipaho0Iv07wmzYVp","Dorothea Brill_Meter-wise Blume","Dorothea Brill","2018","Design Jewelry","dorothea-brill-artwork-wmzyvp","https://artaurea.de/profiles/?s=Dorothea%20Brill","https://artaurea.de/profiles/?s=Dorothea%20Brill%20Meter-wise%20Blume"
"5Nnn2PqcEKG4dqRP9jC1s2","Felicia Mülbaier_Talismane","Felicia Mülbaier","2022","Art Jewelry","felicia-mlbaier-artwork-9jc1s2","https://artaurea.de/profiles/?s=Felicia%20M%C3%BClbaier","https://artaurea.de/profiles/?s=Felicia%20M%C3%BClbaier%20Talismane"
"5Nnn2PqcEKG4dqRP9jCjvO","Felix Mueller_Agent","Felix Mueller","","Furniture | Objects","felix-mueller-artwork-9jcjvo","https://artaurea.de/profiles/?s=Felix%20Mueller","https://artaurea.de/profiles/?s=Felix%20Mueller%20Agent"
"5Nnn2PqcEKG4dqRP9jCk02","Felix Mueller_Agent","Felix Mueller","","Furniture | Objects","felix-mueller-artwork-9jck02","https://artaurea.de/profiles/?s=Felix%20Mueller","https://artaurea.de/profiles/?s=Felix%20Mueller%20Agent"
"5Nnn2PqcEKG4dqRP9jCjqk","Felix Mueller_Gas lamp","Felix Mueller","","Furniture | Objects","felix-mueller-artwork-9jcjqk","https://artaurea.de/profiles/?s=Felix%20Mueller","https://artaurea.de/profiles/?s=Felix%20Mueller%20Gas%20lamp"
"5Nnn2PqcEKG4dqRP9jCjco","Felix Mueller_Marcello","Felix Mueller","","Furniture | Objects","felix-mueller-artwork-9jcjco","https://artaurea.de/profiles/?s=Felix%20Mueller","https://artaurea.de/profiles/?s=Felix%20Mueller%20Marcello"
"hEWOpVV05Nk2Wkv6vKsXYZ","Felix Mueller_Sputnik","Felix Mueller","","Furniture | Objects","felix-mueller-artwork-vksxyz","https://artaurea.de/profiles/?s=Felix%20Mueller","https://artaurea.de/profiles/?s=Felix%20Mueller%20Sputnik"
"hEWOpVV05Nk2Wkv6vKsXcv","Felix Mueller_Sputnik2","Felix Mueller","","Furniture | Objects","felix-mueller-artwork-vksxcv","https://artaurea.de/profiles/?s=Felix%20Mueller","https://artaurea.de/profiles/?s=Felix%20Mueller%20Sputnik2"
"hEWOpVV05Nk2Wkv6vKsXhH","Felix Mueller_Untitled","Felix Mueller","","Furniture | Objects","felix-mueller-artwork-vksxhh","https://artaurea.de/profiles/?s=Felix%20Mueller","https://artaurea.de/profiles/?s=Felix%20Mueller%20Untitled"
"hEWOpVV05Nk2Wkv6vKs1Jh","Fine Light_Cap","Fine Light","","Design Jewelry","fine-light-artwork-vks1jh","https://artaurea.de/profiles/?s=Fine%20Light","https://artaurea.de/profiles/?s=Fine%20Light%20Cap"
"hEWOpVV05Nk2Wkv6vKs29x","Fine Light_Cylinder Magnet","Fine Light","","Design Jewelry","fine-light-artwork-vks29x","https://artaurea.de/profiles/?s=Fine%20Light","https://artaurea.de/profiles/?s=Fine%20Light%20Cylinder%20Magnet"
"MnHq3gipaho0Iv07wmzhw6","Fine Light_Hair","Fine Light","","Design Jewelry","fine-light-artwork-wmzhw6","https://artaurea.de/profiles/?s=Fine%20Light","https://artaurea.de/profiles/?s=Fine%20Light%20Hair"
"hEWOpVV05Nk2Wkv6vKs21F","Fine Light_Lead Fishing Necklace","Fine Light","","Design Jewelry","fine-light-artwork-vks21f","https://artaurea.de/profiles/?s=Fine%20Light","https://artaurea.de/profiles/?s=Fine%20Light%20Lead%20Fishing%20Necklace"
"hEWOpVV05Nk2Wkv6vKs1b7","Fine Light_Long Connected Bracelets","Fine Light","","Design Jewelry","fine-light-artwork-vks1b7","https://artaurea.de/profiles/?s=Fine%20Light","https://artaurea.de/profiles/?s=Fine%20Light%20Long%20Connected%20Bracelets"
"hEWOpVV05Nk2Wkv6vKs1wt","Fine Light_Ring","Fine Light","","Design Jewelry","fine-light-artwork-vks1wt","https://artaurea.de/profiles/?s=Fine%20Light","https://artaurea.de/profiles/?s=Fine%20Light%20Ring"
"hEWOpVV05Nk2Wkv6vKs1oB","Fine Light_Thick Loop, 3 mm laminated reflective material, silver crimp","Fine Light","","Design Jewelry","fine-light-artwork-vks1ob","https://artaurea.de/profiles/?s=Fine%20Light","https://artaurea.de/profiles/?s=Fine%20Light%20Thick%20Loop%2C%203%20mm%20laminated%20reflective%20material%2C%20silver%20crimp"
"hEWOpVV05Nk2Wkv6vKs16d","Fine Light_Thin Cuffs","Fine Light","","Design Jewelry","fine-light-artwork-vks16d","https://artaurea.de/profiles/?s=Fine%20Light","https://artaurea.de/profiles/?s=Fine%20Light%20Thin%20Cuffs"
"hEWOpVV05Nk2Wkv6vKs1Az","Fine Light_Thin Cuffs","Fine Light","","Design Jewelry","fine-light-artwork-vks1az","https://artaurea.de/profiles/?s=Fine%20Light","https://artaurea.de/profiles/?s=Fine%20Light%20Thin%20Cuffs"
"hEWOpVV05Nk2Wkv6vKs1jp","Fine Light_Two Loop Bracelet, 0","Fine Light","","Design Jewelry","fine-light-artwork-vks1jp","https://artaurea.de/profiles/?s=Fine%20Light","https://artaurea.de/profiles/?s=Fine%20Light%20Two%20Loop%20Bracelet%2C%200"
"5Nnn2PqcEKG4dqRP9jBhUY","Friedemann Buehler_Untitled","Friedemann Buehler","","Woodwork | Paper","friedemann-buehler-artwork-9jbhuy","https://artaurea.de/profiles/?s=Friedemann%20Buehler","https://artaurea.de/profiles/?s=Friedemann%20Buehler%20Untitled"
"5Nnn2PqcEKG4dqRP9jBhwQ","Friedemann Buehler_Untitled","Friedemann Buehler","","Woodwork | Paper","friedemann-buehler-artwork-9jbhwq","https://artaurea.de/profiles/?s=Friedemann%20Buehler","https://artaurea.de/profiles/?s=Friedemann%20Buehler%20Untitled"
"5Nnn2PqcEKG4dqRP9jBhZC","Friedemann Buehler_Vessel","Friedemann Buehler","","Woodwork | Paper","friedemann-buehler-artwork-9jbhzc","https://artaurea.de/profiles/?s=Friedemann%20Buehler","https://artaurea.de/profiles/?s=Friedemann%20Buehler%20Vessel"
"5Nnn2PqcEKG4dqRP9jBhdq","Friedemann Buehler_Vessel WL/18, 2013","Friedemann Buehler","2013","Woodwork | Paper","friedemann-buehler-artwork-9jbhdq","https://artaurea.de/profiles/?s=Friedemann%20Buehler","https://artaurea.de/profiles/?s=Friedemann%20Buehler%20Vessel%20WL%2F18%2C%202013"
"MnHq3gipaho0Iv07wmzUuH","Friedrich Becker_Kinetic","Friedrich Becker","","Art Jewelry","friedrich-becker-artwork-wmzuuh","https://artaurea.de/profiles/?s=Friedrich%20Becker","https://artaurea.de/profiles/?s=Friedrich%20Becker%20Kinetic"
"MnHq3gipaho0Iv07wmzUzM","Friedrich Becker_brooch","Friedrich Becker","","Art Jewelry","friedrich-becker-artwork-wmzuzm","https://artaurea.de/profiles/?s=Friedrich%20Becker","https://artaurea.de/profiles/?s=Friedrich%20Becker%20brooch"
"hEWOpVV05Nk2Wkv6vKsV69","Gigi Mariani_Contact points","Gigi Mariani","","Art Jewelry","gigi-mariani-artwork-vksv69","https://artaurea.de/profiles/?s=Gigi%20Mariani","https://artaurea.de/profiles/?s=Gigi%20Mariani%20Contact%20points"
"hEWOpVV05Nk2Wkv6vKsVWH","Gigi Mariani_Dance","Gigi Mariani","","Art Jewelry","gigi-mariani-artwork-vksvwh","https://artaurea.de/profiles/?s=Gigi%20Mariani","https://artaurea.de/profiles/?s=Gigi%20Mariani%20Dance"
"hEWOpVV05Nk2Wkv6vKsUg1","Gigi Mariani_Labyrinth","Gigi Mariani","","Art Jewelry","gigi-mariani-artwork-vksug1","https://artaurea.de/profiles/?s=Gigi%20Mariani","https://artaurea.de/profiles/?s=Gigi%20Mariani%20Labyrinth"
"hEWOpVV05Nk2Wkv6vKsUkN","Gigi Mariani_Painting series #1","Gigi Mariani","","Art Jewelry","gigi-mariani-artwork-vksukn","https://artaurea.de/profiles/?s=Gigi%20Mariani","https://artaurea.de/profiles/?s=Gigi%20Mariani%20Painting%20series%20%231"
"hEWOpVV05Nk2Wkv6vKsUoj","Gigi Mariani_Painting series #4","Gigi Mariani","","Art Jewelry","gigi-mariani-artwork-vksuoj","https://artaurea.de/profiles/?s=Gigi%20Mariani","https://artaurea.de/profiles/?s=Gigi%20Mariani%20Painting%20series%20%234"
"hEWOpVV05Nk2Wkv6vKsUt5","Gigi Mariani_Painting series #7","Gigi Mariani","","Art Jewelry","gigi-mariani-artwork-vksut5","https://artaurea.de/profiles/?s=Gigi%20Mariani","https://artaurea.de/profiles/?s=Gigi%20Mariani%20Painting%20series%20%237"
"hEWOpVV05Nk2Wkv6vKsVRv","Gigi Mariani_Variations","Gigi Mariani","","Art Jewelry","gigi-mariani-artwork-vksvrv","https://artaurea.de/profiles/?s=Gigi%20Mariani","https://artaurea.de/profiles/?s=Gigi%20Mariani%20Variations"
"5Nnn2PqcEKG4dqRP9jCzMI","Gottfried Palatin_Gottfried Palatin, Ceramic Art","Gottfried Palatin","","Ceramic Art","gottfried-palatin-artwork-9jczmi","https://artaurea.de/profiles/?s=Gottfried%20Palatin","https://artaurea.de/profiles/?s=Gottfried%20Palatin%20Gottfried%20Palatin%2C%20Ceramic%20Art"
"5Nnn2PqcEKG4dqRP9jCzD0","Gottfried Palatin_Nr. 16","Gottfried Palatin","","Ceramic Art","gottfried-palatin-artwork-9jczd0","https://artaurea.de/profiles/?s=Gottfried%20Palatin","https://artaurea.de/profiles/?s=Gottfried%20Palatin%20Nr.%2016"
"5Nnn2PqcEKG4dqRP9jCz3i","Gottfried Palatin_Nr. 2","Gottfried Palatin","","Ceramic Art","gottfried-palatin-artwork-9jcz3i","https://artaurea.de/profiles/?s=Gottfried%20Palatin","https://artaurea.de/profiles/?s=Gottfried%20Palatin%20Nr.%202"
"5Nnn2PqcEKG4dqRP9jCz8M","Gottfried Palatin_Nr. 21","Gottfried Palatin","","Ceramic Art","gottfried-palatin-artwork-9jcz8m","https://artaurea.de/profiles/?s=Gottfried%20Palatin","https://artaurea.de/profiles/?s=Gottfried%20Palatin%20Nr.%2021"
"5Nnn2PqcEKG4dqRP9jCzQw","Gottfried Palatin_Nr. 30","Gottfried Palatin","","Ceramic Art","gottfried-palatin-artwork-9jczqw","https://artaurea.de/profiles/?s=Gottfried%20Palatin","https://artaurea.de/profiles/?s=Gottfried%20Palatin%20Nr.%2030"
"hEWOpVV05Nk2Wkv6vKsaeB","Gottfried Palatin_Nr. 36","Gottfried Palatin","","Ceramic Art","gottfried-palatin-artwork-vksaeb","https://artaurea.de/profiles/?s=Gottfried%20Palatin","https://artaurea.de/profiles/?s=Gottfried%20Palatin%20Nr.%2036"
"5Nnn2PqcEKG4dqRP9jCzHe","Gottfried Palatin_Nr. 8","Gottfried Palatin","","Ceramic Art","gottfried-palatin-artwork-9jczhe","https://artaurea.de/profiles/?s=Gottfried%20Palatin","https://artaurea.de/profiles/?s=Gottfried%20Palatin%20Nr.%208"
"5Nnn2PqcEKG4dqRP9jCyz4","Gottfried Palatin_Nr. 9","Gottfried Palatin","","Ceramic Art","gottfried-palatin-artwork-9jcyz4","https://artaurea.de/profiles/?s=Gottfried%20Palatin","https://artaurea.de/profiles/?s=Gottfried%20Palatin%20Nr.%209"
"MnHq3gipaho0Iv07wmzcRh","Hans Coper_Early and large globular pot, 1953","Hans Coper","1953","Ceramic Art","hans-coper-artwork-wmzcrh","https://artaurea.de/profiles/?s=Hans%20Coper","https://artaurea.de/profiles/?s=Hans%20Coper%20Early%20and%20large%20globular%20pot%2C%201953"
"5Nnn2PqcEKG4dqRP9jCwDC","Heide Nonnenmacher_under the sea","Heide Nonnenmacher","","Ceramic Art","heide-nonnenmacher-artwork-9jcwdc","https://artaurea.de/profiles/?s=Heide%20Nonnenmacher","https://artaurea.de/profiles/?s=Heide%20Nonnenmacher%20under%20the%20sea"
"MnHq3gipaho0Iv07wmzpnq","Henrich & Denzel_Arco","Henrich & Denzel","","Design Jewelry","henrich-denzel-artwork-wmzpnq","https://artaurea.de/profiles/?s=Henrich%20%26%20Denzel","https://artaurea.de/profiles/?s=Henrich%20%26%20Denzel%20Arco"
"MnHq3gipaho0Iv07wmzp9C","Henrich & Denzel_Calyx","Henrich & Denzel","","Design Jewelry","henrich-denzel-artwork-wmzp9c","https://artaurea.de/profiles/?s=Henrich%20%26%20Denzel","https://artaurea.de/profiles/?s=Henrich%20%26%20Denzel%20Calyx"
"MnHq3gipaho0Iv07wmzpsv","Henrich & Denzel_Colare","Henrich & Denzel","","Design Jewelry","henrich-denzel-artwork-wmzpsv","https://artaurea.de/profiles/?s=Henrich%20%26%20Denzel","https://artaurea.de/profiles/?s=Henrich%20%26%20Denzel%20Colare"
"MnHq3gipaho0Iv07wmzq35","Henrich & Denzel_Favorita","Henrich & Denzel","","Design Jewelry","henrich-denzel-artwork-wmzq35","https://artaurea.de/profiles/?s=Henrich%20%26%20Denzel","https://artaurea.de/profiles/?s=Henrich%20%26%20Denzel%20Favorita"
"MnHq3gipaho0Iv07wmzpJM","Henrich & Denzel_Janus","Henrich & Denzel","","Design Jewelry","henrich-denzel-artwork-wmzpjm","https://artaurea.de/profiles/?s=Henrich%20%26%20Denzel","https://artaurea.de/profiles/?s=Henrich%20%26%20Denzel%20Janus"
"MnHq3gipaho0Iv07wmzpOR","Henrich & Denzel_Meridiano","Henrich & Denzel","","Design Jewelry","henrich-denzel-artwork-wmzpor","https://artaurea.de/profiles/?s=Henrich%20%26%20Denzel","https://artaurea.de/profiles/?s=Henrich%20%26%20Denzel%20Meridiano"
"MnHq3gipaho0Iv07wmzpEH","Henrich & Denzel_Purest","Henrich & Denzel","","Design Jewelry","henrich-denzel-artwork-wmzpeh","https://artaurea.de/profiles/?s=Henrich%20%26%20Denzel","https://artaurea.de/profiles/?s=Henrich%20%26%20Denzel%20Purest"
"MnHq3gipaho0Iv07wmzpTW","Henrich & Denzel_Tenda","Henrich & Denzel","","Design Jewelry","henrich-denzel-artwork-wmzptw","https://artaurea.de/profiles/?s=Henrich%20%26%20Denzel","https://artaurea.de/profiles/?s=Henrich%20%26%20Denzel%20Tenda"
"MnHq3gipaho0Iv07wmzpYb","Henrich & Denzel_Tenda","Henrich & Denzel","","Design Jewelry","henrich-denzel-artwork-wmzpyb","https://artaurea.de/profiles/?s=Henrich%20%26%20Denzel","https://artaurea.de/profiles/?s=Henrich%20%26%20Denzel%20Tenda"
"MnHq3gipaho0Iv07wmzpy0","Henrich & Denzel_Torsione","Henrich & Denzel","","Design Jewelry","henrich-denzel-artwork-wmzpy0","https://artaurea.de/profiles/?s=Henrich%20%26%20Denzel","https://artaurea.de/profiles/?s=Henrich%20%26%20Denzel%20Torsione"
"MnHq3gipaho0Iv07wmzotx","Henrich & Denzel_Turno","Henrich & Denzel","","Design Jewelry","henrich-denzel-artwork-wmzotx","https://artaurea.de/profiles/?s=Henrich%20%26%20Denzel","https://artaurea.de/profiles/?s=Henrich%20%26%20Denzel%20Turno"
"MnHq3gipaho0Iv07wmzoz2","Henrich & Denzel_Turno","Henrich & Denzel","","Design Jewelry","henrich-denzel-artwork-wmzoz2","https://artaurea.de/profiles/?s=Henrich%20%26%20Denzel","https://artaurea.de/profiles/?s=Henrich%20%26%20Denzel%20Turno"
"5Nnn2PqcEKG4dqRP9jCULC","In Hwa Lee_Green Cylinder","In Hwa Lee","2014","Ceramic Art","in-hwa-lee-artwork-9jculc","https://artaurea.de/profiles/?s=In%20Hwa%20Lee","https://artaurea.de/profiles/?s=In%20Hwa%20Lee%20Green%20Cylinder"
"5Nnn2PqcEKG4dqRP9jCUGY","In Hwa Lee_Light of Dot","In Hwa Lee","2013","Ceramic Art","in-hwa-lee-artwork-9jcugy","https://artaurea.de/profiles/?s=In%20Hwa%20Lee","https://artaurea.de/profiles/?s=In%20Hwa%20Lee%20Light%20of%20Dot"
"5Nnn2PqcEKG4dqRP9jCTak","In Hwa Lee_Light of Dot Cylinder","In Hwa Lee","","Ceramic Art","in-hwa-lee-artwork-9jctak","https://artaurea.de/profiles/?s=In%20Hwa%20Lee","https://artaurea.de/profiles/?s=In%20Hwa%20Lee%20Light%20of%20Dot%20Cylinder"
"5Nnn2PqcEKG4dqRP9jCTMo","In Hwa Lee_Shadowed Color Cup","In Hwa Lee","2013","Ceramic Art","in-hwa-lee-artwork-9jctmo","https://artaurea.de/profiles/?s=In%20Hwa%20Lee","https://artaurea.de/profiles/?s=In%20Hwa%20Lee%20Shadowed%20Color%20Cup"
"5Nnn2PqcEKG4dqRP9jCTRS","In Hwa Lee_Shadowed Color Cup","In Hwa Lee","2013","Ceramic Art","in-hwa-lee-artwork-9jctrs","https://artaurea.de/profiles/?s=In%20Hwa%20Lee","https://artaurea.de/profiles/?s=In%20Hwa%20Lee%20Shadowed%20Color%20Cup"
"5Nnn2PqcEKG4dqRP9jCTW6","In Hwa Lee_Shadowed Color Cup","In Hwa Lee","","Ceramic Art","in-hwa-lee-artwork-9jctw6","https://artaurea.de/profiles/?s=In%20Hwa%20Lee","https://artaurea.de/profiles/?s=In%20Hwa%20Lee%20Shadowed%20Color%20Cup"
"5Nnn2PqcEKG4dqRP9jCU7G","In Hwa Lee_Shadowed Color Cup","In Hwa Lee","2013","Ceramic Art","in-hwa-lee-artwork-9jcu7g","https://artaurea.de/profiles/?s=In%20Hwa%20Lee","https://artaurea.de/profiles/?s=In%20Hwa%20Lee%20Shadowed%20Color%20Cup"
"5Nnn2PqcEKG4dqRP9jCTxy","In Hwa Lee_Shadowed Color Cylinder","In Hwa Lee","2014","Ceramic Art","in-hwa-lee-artwork-9jctxy","https://artaurea.de/profiles/?s=In%20Hwa%20Lee","https://artaurea.de/profiles/?s=In%20Hwa%20Lee%20Shadowed%20Color%20Cylinder"
"5Nnn2PqcEKG4dqRP9jCU2c","In Hwa Lee_Shadowed Color Cylinder","In Hwa Lee","2014","Ceramic Art","in-hwa-lee-artwork-9jcu2c","https://artaurea.de/profiles/?s=In%20Hwa%20Lee","https://artaurea.de/profiles/?s=In%20Hwa%20Lee%20Shadowed%20Color%20Cylinder"
"5Nnn2PqcEKG4dqRP9jCTk2","In Hwa Lee_Shadowed Color Red Cylinder","In Hwa Lee","2013","Ceramic Art","in-hwa-lee-artwork-9jctk2","https://artaurea.de/profiles/?s=In%20Hwa%20Lee","https://artaurea.de/profiles/?s=In%20Hwa%20Lee%20Shadowed%20Color%20Red%20Cylinder"
"5Nnn2PqcEKG4dqRP9jCTfO","In Hwa Lee_Shadowed Color Yellow Cylinder","In Hwa Lee","","Ceramic Art","in-hwa-lee-artwork-9jctfo","https://artaurea.de/profiles/?s=In%20Hwa%20Lee","https://artaurea.de/profiles/?s=In%20Hwa%20Lee%20Shadowed%20Color%20Yellow%20Cylinder"
"5Nnn2PqcEKG4dqRP9jCTIA","In Hwa Lee_Shadowed White Cylinder set","In Hwa Lee","","Ceramic Art","in-hwa-lee-artwork-9jctia","https://artaurea.de/profiles/?s=In%20Hwa%20Lee","https://artaurea.de/profiles/?s=In%20Hwa%20Lee%20Shadowed%20White%20Cylinder%20set"
"5Nnn2PqcEKG4dqRP9jCceo","Iris Merkle_Cordis #1","Iris Merkle","","Art Jewelry","iris-merkle-artwork-9jcceo","https://artaurea.de/profiles/?s=Iris%20Merkle","https://artaurea.de/profiles/?s=Iris%20Merkle%20Cordis%20%231"
"5Nnn2PqcEKG4dqRP9jCcjS","Iris Merkle_Cordis #4","Iris Merkle","","Art Jewelry","iris-merkle-artwork-9jccjs","https://artaurea.de/profiles/?s=Iris%20Merkle","https://artaurea.de/profiles/?s=Iris%20Merkle%20Cordis%20%234"
"5Nnn2PqcEKG4dqRP9jCco6","Iris Merkle_Falter #1","Iris Merkle","","Art Jewelry","iris-merkle-artwork-9jcco6","https://artaurea.de/profiles/?s=Iris%20Merkle","https://artaurea.de/profiles/?s=Iris%20Merkle%20Falter%20%231"
"5Nnn2PqcEKG4dqRP9jCcsk","Iris Merkle_Falter #2","Iris Merkle","","Art Jewelry","iris-merkle-artwork-9jccsk","https://artaurea.de/profiles/?s=Iris%20Merkle","https://artaurea.de/profiles/?s=Iris%20Merkle%20Falter%20%232"
"MnHq3gipaho0Iv07wn00D5","Isezaki Jun_Kakki","Isezaki Jun","","Ceramic Art","isezaki-jun-artwork-wn00d5","https://artaurea.de/profiles/?s=Isezaki%20Jun","https://artaurea.de/profiles/?s=Isezaki%20Jun%20Kakki"
"5Nnn2PqcEKG4dqRP9jCUUU","Jeong Won Lee_Line for Ellipse","Jeong Won Lee","2013","Ceramic Art","jeong-won-lee-artwork-9jcuuu","https://artaurea.de/profiles/?s=Jeong%20Won%20Lee","https://artaurea.de/profiles/?s=Jeong%20Won%20Lee%20Line%20for%20Ellipse"
"MnHq3gipaho0Iv07wn07G1","Jeong Won Lee_T1 Series Green","Jeong Won Lee","2013","Ceramic Art","jeong-won-lee-artwork-wn07g1","https://artaurea.de/profiles/?s=Jeong%20Won%20Lee","https://artaurea.de/profiles/?s=Jeong%20Won%20Lee%20T1%20Series%20Green"
"5Nnn2PqcEKG4dqRP9jCySY","Johanna Otto_Pirouette","Johanna Otto","","Ceramic Art","johanna-otto-artwork-9jcysy","https://artaurea.de/profiles/?s=Johanna%20Otto","https://artaurea.de/profiles/?s=Johanna%20Otto%20Pirouette"
"5Nnn2PqcEKG4dqRP9jClis","Johannes Nagel_Untitled","Johannes Nagel","","Ceramic Art","johannes-nagel-artwork-9jclis","https://artaurea.de/profiles/?s=Johannes%20Nagel","https://artaurea.de/profiles/?s=Johannes%20Nagel%20Untitled"
"5Nnn2PqcEKG4dqRP9jClnW","Johannes Nagel_Untitled","Johannes Nagel","","Ceramic Art","johannes-nagel-artwork-9jclnw","https://artaurea.de/profiles/?s=Johannes%20Nagel","https://artaurea.de/profiles/?s=Johannes%20Nagel%20Untitled"
"MnHq3gipaho0Iv07wn0ZRl","Johannes Nagel_Untitled","Johannes Nagel","","Ceramic Art","johannes-nagel-artwork-wn0zrl","https://artaurea.de/profiles/?s=Johannes%20Nagel","https://artaurea.de/profiles/?s=Johannes%20Nagel%20Untitled"
"hEWOpVV05Nk2Wkv6vKsb8f","Joo Hyung Park_Concealed.","Joo Hyung Park","2014","Ceramic Art","joo-hyung-park-artwork-vksb8f","https://artaurea.de/profiles/?s=Joo%20Hyung%20Park","https://artaurea.de/profiles/?s=Joo%20Hyung%20Park%20Concealed."
"hEWOpVV05Nk2Wkv6vKsbHN","Joo Hyung Park_Merging.","Joo Hyung Park","2012","Ceramic Art","joo-hyung-park-artwork-vksbhn","https://artaurea.de/profiles/?s=Joo%20Hyung%20Park","https://artaurea.de/profiles/?s=Joo%20Hyung%20Park%20Merging."
"hEWOpVV05Nk2Wkv6vKsbLj","Joo Hyung Park_Merging.","Joo Hyung Park","2012","Ceramic Art","joo-hyung-park-artwork-vksblj","https://artaurea.de/profiles/?s=Joo%20Hyung%20Park","https://artaurea.de/profiles/?s=Joo%20Hyung%20Park%20Merging."
"hEWOpVV05Nk2Wkv6vKsbUR","Joo Hyung Park_The moment of pleasure","Joo Hyung Park","2012","Ceramic Art","joo-hyung-park-artwork-vksbur","https://artaurea.de/profiles/?s=Joo%20Hyung%20Park","https://artaurea.de/profiles/?s=Joo%20Hyung%20Park%20The%20moment%20of%20pleasure"
"hEWOpVV05Nk2Wkv6vKsaiX","Joo Hyung Park_The moment of pleasure.","Joo Hyung Park","2014","Ceramic Art","joo-hyung-park-artwork-vksaix","https://artaurea.de/profiles/?s=Joo%20Hyung%20Park","https://artaurea.de/profiles/?s=Joo%20Hyung%20Park%20The%20moment%20of%20pleasure."
"hEWOpVV05Nk2Wkv6vKsamt","Joo Hyung Park_The moment of pleasure.","Joo Hyung Park","2014","Ceramic Art","joo-hyung-park-artwork-vksamt","https://artaurea.de/profiles/?s=Joo%20Hyung%20Park","https://artaurea.de/profiles/?s=Joo%20Hyung%20Park%20The%20moment%20of%20pleasure."
"hEWOpVV05Nk2Wkv6vKsarF","Joo Hyung Park_The moment of pleasure.","Joo Hyung Park","2014","Ceramic Art","joo-hyung-park-artwork-vksarf","https://artaurea.de/profiles/?s=Joo%20Hyung%20Park","https://artaurea.de/profiles/?s=Joo%20Hyung%20Park%20The%20moment%20of%20pleasure."
"hEWOpVV05Nk2Wkv6vKsavb","Joo Hyung Park_The moment of pleasure.","Joo Hyung Park","2014","Ceramic Art","joo-hyung-park-artwork-vksavb","https://artaurea.de/profiles/?s=Joo%20Hyung%20Park","https://artaurea.de/profiles/?s=Joo%20Hyung%20Park%20The%20moment%20of%20pleasure."
"hEWOpVV05Nk2Wkv6vKsazx","Joo Hyung Park_The moment of pleasure.","Joo Hyung Park","2014","Ceramic Art","joo-hyung-park-artwork-vksazx","https://artaurea.de/profiles/?s=Joo%20Hyung%20Park","https://artaurea.de/profiles/?s=Joo%20Hyung%20Park%20The%20moment%20of%20pleasure."
"hEWOpVV05Nk2Wkv6vKsb4J","Joo Hyung Park_The moment of pleasure.","Joo Hyung Park","2014","Ceramic Art","joo-hyung-park-artwork-vksb4j","https://artaurea.de/profiles/?s=Joo%20Hyung%20Park","https://artaurea.de/profiles/?s=Joo%20Hyung%20Park%20The%20moment%20of%20pleasure."
"hEWOpVV05Nk2Wkv6vKsbQ5","Joo Hyung Park_The moment of pleasure.","Joo Hyung Park","2012","Ceramic Art","joo-hyung-park-artwork-vksbq5","https://artaurea.de/profiles/?s=Joo%20Hyung%20Park","https://artaurea.de/profiles/?s=Joo%20Hyung%20Park%20The%20moment%20of%20pleasure."
"hEWOpVV05Nk2Wkv6vKsbYn","Joo Hyung Park_The moment of pleasure.","Joo Hyung Park","2012","Ceramic Art","joo-hyung-park-artwork-vksbyn","https://artaurea.de/profiles/?s=Joo%20Hyung%20Park","https://artaurea.de/profiles/?s=Joo%20Hyung%20Park%20The%20moment%20of%20pleasure."
"hEWOpVV05Nk2Wkv6vKsbd9","Joo Hyung Park_The moment of pleasure.","Joo Hyung Park","2012","Ceramic Art","joo-hyung-park-artwork-vksbd9","https://artaurea.de/profiles/?s=Joo%20Hyung%20Park","https://artaurea.de/profiles/?s=Joo%20Hyung%20Park%20The%20moment%20of%20pleasure."
"hEWOpVV05Nk2Wkv6vKsbhV","Joo Hyung Park_The moment of pleasure.","Joo Hyung Park","2012","Ceramic Art","joo-hyung-park-artwork-vksbhv","https://artaurea.de/profiles/?s=Joo%20Hyung%20Park","https://artaurea.de/profiles/?s=Joo%20Hyung%20Park%20The%20moment%20of%20pleasure."
"hEWOpVV05Nk2Wkv6vKsbD1","Joo Hyung Park_Untitled","Joo Hyung Park","","Ceramic Art","joo-hyung-park-artwork-vksbd1","https://artaurea.de/profiles/?s=Joo%20Hyung%20Park","https://artaurea.de/profiles/?s=Joo%20Hyung%20Park%20Untitled"
"MnHq3gipaho0Iv07wn0EiM","Josephine Lützel_Basalta","Josephine Lützel","2014","Metal Art","josephine-ltzel-artwork-wn0eim","https://artaurea.de/profiles/?s=Josephine%20L%C3%BCtzel","https://artaurea.de/profiles/?s=Josephine%20L%C3%BCtzel%20Basalta"
"MnHq3gipaho0Iv07wn0EnR","Josephine Lützel_Basalta 1–3","Josephine Lützel","2014","Metal Art","josephine-ltzel-artwork-wn0enr","https://artaurea.de/profiles/?s=Josephine%20L%C3%BCtzel","https://artaurea.de/profiles/?s=Josephine%20L%C3%BCtzel%20Basalta%201%E2%80%933"
"MnHq3gipaho0Iv07wn0EsW","Josephine Lützel_Candleholder, 2014","Josephine Lützel","2014","Metal Art","josephine-ltzel-artwork-wn0esw","https://artaurea.de/profiles/?s=Josephine%20L%C3%BCtzel","https://artaurea.de/profiles/?s=Josephine%20L%C3%BCtzel%20Candleholder%2C%202014"
"MnHq3gipaho0Iv07wn0FCq","Josephine Lützel_Pinguin","Josephine Lützel","2012","Metal Art","josephine-ltzel-artwork-wn0fcq","https://artaurea.de/profiles/?s=Josephine%20L%C3%BCtzel","https://artaurea.de/profiles/?s=Josephine%20L%C3%BCtzel%20Pinguin"
"MnHq3gipaho0Iv07wn0Exb","Josephine Lützel_Sphere pot, 2012","Josephine Lützel","2012","Metal Art","josephine-ltzel-artwork-wn0exb","https://artaurea.de/profiles/?s=Josephine%20L%C3%BCtzel","https://artaurea.de/profiles/?s=Josephine%20L%C3%BCtzel%20Sphere%20pot%2C%202012"
"MnHq3gipaho0Iv07wn0F2g","Josephine Lützel_Wind und Wetter","Josephine Lützel","2012","Metal Art","josephine-ltzel-artwork-wn0f2g","https://artaurea.de/profiles/?s=Josephine%20L%C3%BCtzel","https://artaurea.de/profiles/?s=Josephine%20L%C3%BCtzel%20Wind%20und%20Wetter"
"MnHq3gipaho0Iv07wn0F7l","Josephine Lützel_Wirbel","Josephine Lützel","2011","Metal Art","josephine-ltzel-artwork-wn0f7l","https://artaurea.de/profiles/?s=Josephine%20L%C3%BCtzel","https://artaurea.de/profiles/?s=Josephine%20L%C3%BCtzel%20Wirbel"
"hEWOpVV05Nk2Wkv6vKsMbD","Kap Sun Hwang_Untitled","Kap Sun Hwang","","Ceramic Art","kap-sun-hwang-artwork-vksmbd","https://artaurea.de/profiles/?s=Kap%20Sun%20Hwang","https://artaurea.de/profiles/?s=Kap%20Sun%20Hwang%20Untitled"
"hEWOpVV05Nk2Wkv6vKsMSV","Kap Sun Hwang_Vessel","Kap Sun Hwang","","Ceramic Art","kap-sun-hwang-artwork-vksmsv","https://artaurea.de/profiles/?s=Kap%20Sun%20Hwang","https://artaurea.de/profiles/?s=Kap%20Sun%20Hwang%20Vessel"
"hEWOpVV05Nk2Wkv6vKsMWr","Kap Sun Hwang_Vessel","Kap Sun Hwang","","Ceramic Art","kap-sun-hwang-artwork-vksmwr","https://artaurea.de/profiles/?s=Kap%20Sun%20Hwang","https://artaurea.de/profiles/?s=Kap%20Sun%20Hwang%20Vessel"
"5Nnn2PqcEKG4dqRP9jCt8k","Kay Eppi Nölke_Grasring Nr. 210","Kay Eppi Nölke","2009","Design Jewelry","kay-eppi-nlke-artwork-9jct8k","https://artaurea.de/profiles/?s=Kay%20Eppi%20N%C3%B6lke","https://artaurea.de/profiles/?s=Kay%20Eppi%20N%C3%B6lke%20Grasring%20Nr.%20210"
"MnHq3gipaho0Iv07wmzsaa","Koichi Io_Whirl vessel XII","Koichi Io","","Metal Art","koichi-io-artwork-wmzsaa","https://artaurea.de/profiles/?s=Koichi%20Io","https://artaurea.de/profiles/?s=Koichi%20Io%20Whirl%20vessel%20XII"
"MnHq3gipaho0Iv07wmzsff","Koichi Io_Whirl vessel XII","Koichi Io","","Metal Art","koichi-io-artwork-wmzsff","https://artaurea.de/profiles/?s=Koichi%20Io","https://artaurea.de/profiles/?s=Koichi%20Io%20Whirl%20vessel%20XII"
"MnHq3gipaho0Iv07wmzskk","Koichi Io_Whirl vessel XII","Koichi Io","","Metal Art","koichi-io-artwork-wmzskk","https://artaurea.de/profiles/?s=Koichi%20Io","https://artaurea.de/profiles/?s=Koichi%20Io%20Whirl%20vessel%20XII"
"5Nnn2PqcEKG4dqRP9jCHgA","Kristiina Karinen_TILIA","Kristiina Karinen","2018","Textile | Accessories","kristiina-karinen-artwork-9jchga","https://artaurea.de/profiles/?s=Kristiina%20Karinen","https://artaurea.de/profiles/?s=Kristiina%20Karinen%20TILIA"
"5Nnn2PqcEKG4dqRP9jCHko","Kristiina Karinen_TILIA","Kristiina Karinen","2018","Textile | Accessories","kristiina-karinen-artwork-9jchko","https://artaurea.de/profiles/?s=Kristiina%20Karinen","https://artaurea.de/profiles/?s=Kristiina%20Karinen%20TILIA"
"hEWOpVV05Nk2Wkv6vKsFe5","Leen Heyne_Fold","Leen Heyne","","Design Jewelry","leen-heyne-artwork-vksfe5","https://artaurea.de/profiles/?s=Leen%20Heyne","https://artaurea.de/profiles/?s=Leen%20Heyne%20Fold"
"5Nnn2PqcEKG4dqRP9jCQfa","Lut Laleman_Can-delight","Lut Laleman","","Ceramic Art","lut-laleman-artwork-9jcqfa","https://artaurea.de/profiles/?s=Lut%20Laleman","https://artaurea.de/profiles/?s=Lut%20Laleman%20Can-delight"
"MnHq3gipaho0Iv07wn0LW3","Manu Schmuck_R1415PE","Manu Schmuck","","Design Jewelry","manu-schmuck-artwork-wn0lw3","https://artaurea.de/profiles/?s=Manu%20Schmuck","https://artaurea.de/profiles/?s=Manu%20Schmuck%20R1415PE"
"5Nnn2PqcEKG4dqRP9jBr9m","Martina Dempf_Cornucopia","Martina Dempf","2013","Art Jewelry","martina-dempf-artwork-9jbr9m","https://artaurea.de/profiles/?s=Martina%20Dempf","https://artaurea.de/profiles/?s=Martina%20Dempf%20Cornucopia"
"5Nnn2PqcEKG4dqRP9jBtP8","Martina Dempf_FingerFinger1-3","Martina Dempf","","Art Jewelry","martina-dempf-artwork-9jbtp8","https://artaurea.de/profiles/?s=Martina%20Dempf","https://artaurea.de/profiles/?s=Martina%20Dempf%20FingerFinger1-3"
"5Nnn2PqcEKG4dqRP9jBtYQ","Martina Dempf_Homs","Martina Dempf","2016","Art Jewelry","martina-dempf-artwork-9jbtyq","https://artaurea.de/profiles/?s=Martina%20Dempf","https://artaurea.de/profiles/?s=Martina%20Dempf%20Homs"
"5Nnn2PqcEKG4dqRP9jBtTm","Martina Dempf_Snowdon","Martina Dempf","","Art Jewelry","martina-dempf-artwork-9jbttm","https://artaurea.de/profiles/?s=Martina%20Dempf","https://artaurea.de/profiles/?s=Martina%20Dempf%20Snowdon"
"5Nnn2PqcEKG4dqRP9jBqrC","Martina Dempf_Twister 3","Martina Dempf","2020","Art Jewelry","martina-dempf-artwork-9jbqrc","https://artaurea.de/profiles/?s=Martina%20Dempf","https://artaurea.de/profiles/?s=Martina%20Dempf%20Twister%203"
"5Nnn2PqcEKG4dqRP9jBqvq","Martina Dempf_Twister 4","Martina Dempf","2020","Art Jewelry","martina-dempf-artwork-9jbqvq","https://artaurea.de/profiles/?s=Martina%20Dempf","https://artaurea.de/profiles/?s=Martina%20Dempf%20Twister%204"
"5Nnn2PqcEKG4dqRP9jCZsw","Morten Lobner Espersen_MLE","Morten Lobner Espersen","2013","Ceramic Art","morten-lobner-espersen-artwork-9jczsw","https://artaurea.de/profiles/?s=Morten%20Lobner%20Espersen","https://artaurea.de/profiles/?s=Morten%20Lobner%20Espersen%20MLE"
"5Nnn2PqcEKG4dqRP9jCa2E","Morten Lobner Espersen_MLE","Morten Lobner Espersen","2012","Ceramic Art","morten-lobner-espersen-artwork-9jca2e","https://artaurea.de/profiles/?s=Morten%20Lobner%20Espersen","https://artaurea.de/profiles/?s=Morten%20Lobner%20Espersen%20MLE"
"5Nnn2PqcEKG4dqRP9jCaKo","Morten Lobner Espersen_Mushroom","Morten Lobner Espersen","2013","Ceramic Art","morten-lobner-espersen-artwork-9jcako","https://artaurea.de/profiles/?s=Morten%20Lobner%20Espersen","https://artaurea.de/profiles/?s=Morten%20Lobner%20Espersen%20Mushroom"
"MnHq3gipaho0Iv07wn0g0D","Niessing Wedding Rings_Ni Tecum","Niessing Wedding Rings","","Design Jewelry","niessing-wedding-rings-artwork-wn0g0d","https://artaurea.de/profiles/?s=Niessing%20Wedding%20Rings","https://artaurea.de/profiles/?s=Niessing%20Wedding%20Rings%20Ni%20Tecum"
"MnHq3gipaho0Iv07wn0g5I","Niessing Wedding Rings_Performance","Niessing Wedding Rings","","Design Jewelry","niessing-wedding-rings-artwork-wn0g5i","https://artaurea.de/profiles/?s=Niessing%20Wedding%20Rings","https://artaurea.de/profiles/?s=Niessing%20Wedding%20Rings%20Performance"
"MnHq3gipaho0Iv07wn0gFS","Niessing Wedding Rings_Tecum","Niessing Wedding Rings","","Design Jewelry","niessing-wedding-rings-artwork-wn0gfs","https://artaurea.de/profiles/?s=Niessing%20Wedding%20Rings","https://artaurea.de/profiles/?s=Niessing%20Wedding%20Rings%20Tecum"
"hEWOpVV05Nk2Wkv6vKrvhJ","Patrizia Bonati_Wild","Patrizia Bonati","","Art Jewelry","patrizia-bonati-artwork-vkrvhj","https://artaurea.de/profiles/?s=Patrizia%20Bonati","https://artaurea.de/profiles/?s=Patrizia%20Bonati%20Wild"
"MnHq3gipaho0Iv07wn0Awe","Ria Lins_Eau bénité","Ria Lins","","Art Jewelry","ria-lins-artwork-wn0awe","https://artaurea.de/profiles/?s=Ria%20Lins","https://artaurea.de/profiles/?s=Ria%20Lins%20Eau%20be%CC%81nite%CC%81"
"MnHq3gipaho0Iv07wn0ASA","Ria Lins_I will carry you","Ria Lins","2012","Art Jewelry","ria-lins-artwork-wn0asa","https://artaurea.de/profiles/?s=Ria%20Lins","https://artaurea.de/profiles/?s=Ria%20Lins%20I%20will%20carry%20you"
"5Nnn2PqcEKG4dqRP9jCXUI","Ria Lins_Rock me Baby","Ria Lins","2018","Art Jewelry","ria-lins-artwork-9jcxui","https://artaurea.de/profiles/?s=Ria%20Lins","https://artaurea.de/profiles/?s=Ria%20Lins%20Rock%20me%20Baby"
"MnHq3gipaho0Iv07wn0VQo","Ritsue Mishima_Jomon Coppa","Ritsue Mishima","2008","Studio Glass","ritsue-mishima-artwork-wn0vqo","https://artaurea.de/profiles/?s=Ritsue%20Mishima","https://artaurea.de/profiles/?s=Ritsue%20Mishima%20Jomon%20Coppa"
"5Nnn2PqcEKG4dqRP9jCiZm","Ritsue Mishima_Lava","Ritsue Mishima","2008","Studio Glass","ritsue-mishima-artwork-9jcizm","https://artaurea.de/profiles/?s=Ritsue%20Mishima","https://artaurea.de/profiles/?s=Ritsue%20Mishima%20Lava"
"MnHq3gipaho0Iv07wn0VVt","Ritsue Mishima_Titano","Ritsue Mishima","2014","Studio Glass","ritsue-mishima-artwork-wn0vvt","https://artaurea.de/profiles/?s=Ritsue%20Mishima","https://artaurea.de/profiles/?s=Ritsue%20Mishima%20Titano"
"MnHq3gipaho0Iv07wn0Vl8","Ritsue Mishima_Tre Occhi","Ritsue Mishima","2008","Studio Glass","ritsue-mishima-artwork-wn0vl8","https://artaurea.de/profiles/?s=Ritsue%20Mishima","https://artaurea.de/profiles/?s=Ritsue%20Mishima%20Tre%20Occhi"
"5Nnn2PqcEKG4dqRP9jCZaM","Sabine Lintzen_Banda","Sabine Lintzen","","Studio Glass","sabine-lintzen-artwork-9jczam","https://artaurea.de/profiles/?s=Sabine%20Lintzen","https://artaurea.de/profiles/?s=Sabine%20Lintzen%20Banda"
"MnHq3gipaho0Iv07wn0B6o","Sabine Lintzen_Bright Field Brilliant Gold","Sabine Lintzen","","Studio Glass","sabine-lintzen-artwork-wn0b6o","https://artaurea.de/profiles/?s=Sabine%20Lintzen","https://artaurea.de/profiles/?s=Sabine%20Lintzen%20Bright%20Field%20Brilliant%20Gold"
"MnHq3gipaho0Iv07wn0BR8","Sabine Lintzen_Bright Field Caramel","Sabine Lintzen","","Studio Glass","sabine-lintzen-artwork-wn0br8","https://artaurea.de/profiles/?s=Sabine%20Lintzen","https://artaurea.de/profiles/?s=Sabine%20Lintzen%20Bright%20Field%20Caramel"
"MnHq3gipaho0Iv07wn0BGy","Sabine Lintzen_Bright Field Isar Green","Sabine Lintzen","","Studio Glass","sabine-lintzen-artwork-wn0bgy","https://artaurea.de/profiles/?s=Sabine%20Lintzen","https://artaurea.de/profiles/?s=Sabine%20Lintzen%20Bright%20Field%20Isar%20Green"
"MnHq3gipaho0Iv07wn0BM3","Sabine Lintzen_Bright Field Isar Green","Sabine Lintzen","","Studio Glass","sabine-lintzen-artwork-wn0bm3","https://artaurea.de/profiles/?s=Sabine%20Lintzen","https://artaurea.de/profiles/?s=Sabine%20Lintzen%20Bright%20Field%20Isar%20Green"
"MnHq3gipaho0Iv07wn0BBt","Sabine Lintzen_Bright Field Ocean Green","Sabine Lintzen","","Studio Glass","sabine-lintzen-artwork-wn0bbt","https://artaurea.de/profiles/?s=Sabine%20Lintzen","https://artaurea.de/profiles/?s=Sabine%20Lintzen%20Bright%20Field%20Ocean%20Green"
"MnHq3gipaho0Iv07wn0BWD","Sabine Lintzen_Common Ray Olivine","Sabine Lintzen","","Studio Glass","sabine-lintzen-artwork-wn0bwd","https://artaurea.de/profiles/?s=Sabine%20Lintzen","https://artaurea.de/profiles/?s=Sabine%20Lintzen%20Common%20Ray%20Olivine"
"MnHq3gipaho0Iv07wn0BbI","Sabine Lintzen_Common Ray Olivine","Sabine Lintzen","","Studio Glass","sabine-lintzen-artwork-wn0bbi","https://artaurea.de/profiles/?s=Sabine%20Lintzen","https://artaurea.de/profiles/?s=Sabine%20Lintzen%20Common%20Ray%20Olivine"
"5Nnn2PqcEKG4dqRP9jCZoI","Sabine Lintzen_Leaves & Dots","Sabine Lintzen","","Studio Glass","sabine-lintzen-artwork-9jczoi","https://artaurea.de/profiles/?s=Sabine%20Lintzen","https://artaurea.de/profiles/?s=Sabine%20Lintzen%20Leaves%20%26%20Dots"
"5Nnn2PqcEKG4dqRP9jCZHm","Sabine Lintzen_Little Thread Montana Blue","Sabine Lintzen","","Studio Glass","sabine-lintzen-artwork-9jczhm","https://artaurea.de/profiles/?s=Sabine%20Lintzen","https://artaurea.de/profiles/?s=Sabine%20Lintzen%20Little%20Thread%20Montana%20Blue"
"MnHq3gipaho0Iv07wn0BgN","Sabine Lintzen_Little Thread Montana Blue","Sabine Lintzen","","Studio Glass","sabine-lintzen-artwork-wn0bgn","https://artaurea.de/profiles/?s=Sabine%20Lintzen","https://artaurea.de/profiles/?s=Sabine%20Lintzen%20Little%20Thread%20Montana%20Blue"
"5Nnn2PqcEKG4dqRP9jCZR4","Sabine Lintzen_Oriental Field","Sabine Lintzen","","Studio Glass","sabine-lintzen-artwork-9jczr4","https://artaurea.de/profiles/?s=Sabine%20Lintzen","https://artaurea.de/profiles/?s=Sabine%20Lintzen%20Oriental%20Field"
"5Nnn2PqcEKG4dqRP9jCZVi","Sabine Lintzen_Oriental Field","Sabine Lintzen","","Studio Glass","sabine-lintzen-artwork-9jczvi","https://artaurea.de/profiles/?s=Sabine%20Lintzen","https://artaurea.de/profiles/?s=Sabine%20Lintzen%20Oriental%20Field"
"5Nnn2PqcEKG4dqRP9jCZMQ","Sabine Lintzen_Oriental Field Iris Gold","Sabine Lintzen","","Studio Glass","sabine-lintzen-artwork-9jczmq","https://artaurea.de/profiles/?s=Sabine%20Lintzen","https://artaurea.de/profiles/?s=Sabine%20Lintzen%20Oriental%20Field%20Iris%20Gold"
"5Nnn2PqcEKG4dqRP9jCZje","Sabine Lintzen_Oriental Garden","Sabine Lintzen","","Studio Glass","sabine-lintzen-artwork-9jczje","https://artaurea.de/profiles/?s=Sabine%20Lintzen","https://artaurea.de/profiles/?s=Sabine%20Lintzen%20Oriental%20Garden"
"MnHq3gipaho0Iv07wn0B1j","Sabine Lintzen_Question & Answer","Sabine Lintzen","","Studio Glass","sabine-lintzen-artwork-wn0b1j","https://artaurea.de/profiles/?s=Sabine%20Lintzen","https://artaurea.de/profiles/?s=Sabine%20Lintzen%20Question%20%26%20Answer"
"hEWOpVV05Nk2Wkv6vKsXuL","Sabine Müller_Edelbecherling","Sabine Müller","","Design Jewelry","sabine-mller-artwork-vksxul","https://artaurea.de/profiles/?s=Sabine%20M%C3%BCller","https://artaurea.de/profiles/?s=Sabine%20M%C3%BCller%20Edelbecherling"
"hEWOpVV05Nk2Wkv6vKsY33","Sabine Müller_Edelbecherlinge","Sabine Müller","","Design Jewelry","sabine-mller-artwork-vksy33","https://artaurea.de/profiles/?s=Sabine%20M%C3%BCller","https://artaurea.de/profiles/?s=Sabine%20M%C3%BCller%20Edelbecherlinge"
"hEWOpVV05Nk2Wkv6vKsXyh","Sabine Müller_Kaviar","Sabine Müller","","Design Jewelry","sabine-mller-artwork-vksxyh","https://artaurea.de/profiles/?s=Sabine%20M%C3%BCller","https://artaurea.de/profiles/?s=Sabine%20M%C3%BCller%20Kaviar"
"hEWOpVV05Nk2Wkv6vKsXld","Sabine Müller_Schneebecherlinge","Sabine Müller","","Design Jewelry","sabine-mller-artwork-vksxld","https://artaurea.de/profiles/?s=Sabine%20M%C3%BCller","https://artaurea.de/profiles/?s=Sabine%20M%C3%BCller%20Schneebecherlinge"
"hEWOpVV05Nk2Wkv6vKsXpz","Sabine Müller_Schneefrüchtchen","Sabine Müller","","Design Jewelry","sabine-mller-artwork-vksxpz","https://artaurea.de/profiles/?s=Sabine%20M%C3%BCller","https://artaurea.de/profiles/?s=Sabine%20M%C3%BCller%20Schneefr%C3%BCchtchen"
"hEWOpVV05Nk2Wkv6vKsY7P","Sabine Müller_boxes","Sabine Müller","","Design Jewelry","sabine-mller-artwork-vksy7p","https://artaurea.de/profiles/?s=Sabine%20M%C3%BCller","https://artaurea.de/profiles/?s=Sabine%20M%C3%BCller%20boxes"
"hEWOpVV05Nk2Wkv6vKsYBl","Sabine Müller_boxes","Sabine Müller","","Design Jewelry","sabine-mller-artwork-vksybl","https://artaurea.de/profiles/?s=Sabine%20M%C3%BCller","https://artaurea.de/profiles/?s=Sabine%20M%C3%BCller%20boxes"
"hEWOpVV05Nk2Wkv6vKsYG7","Sabine Müller_boxes","Sabine Müller","","Design Jewelry","sabine-mller-artwork-vksyg7","https://artaurea.de/profiles/?s=Sabine%20M%C3%BCller","https://artaurea.de/profiles/?s=Sabine%20M%C3%BCller%20boxes"
"hEWOpVV05Nk2Wkv6vKsYKT","Sabine Müller_boxes","Sabine Müller","","Design Jewelry","sabine-mller-artwork-vksykt","https://artaurea.de/profiles/?s=Sabine%20M%C3%BCller","https://artaurea.de/profiles/?s=Sabine%20M%C3%BCller%20boxes"
"hEWOpVV05Nk2Wkv6vKsYOp","Sabine Müller_boxes","Sabine Müller","","Design Jewelry","sabine-mller-artwork-vksyop","https://artaurea.de/profiles/?s=Sabine%20M%C3%BCller","https://artaurea.de/profiles/?s=Sabine%20M%C3%BCller%20boxes"
"5Nnn2PqcEKG4dqRP9jC6oc","Simon Freund_Scented candle","Simon Freund","","Textile | Accessories","simon-freund-artwork-9jc6oc","https://artaurea.de/profiles/?s=Simon%20Freund","https://artaurea.de/profiles/?s=Simon%20Freund%20Scented%20candle"
"MnHq3gipaho0Iv07wmzVEb","Sofia Beilharz_GAP","Sofia Beilharz","2021","Design Jewelry","sofia-beilharz-artwork-wmzveb","https://artaurea.de/profiles/?s=Sofia%20Beilharz","https://artaurea.de/profiles/?s=Sofia%20Beilharz%20GAP"
"MnHq3gipaho0Iv07wmzVTq","Sofia Beilharz_SAZ","Sofia Beilharz","","Design Jewelry","sofia-beilharz-artwork-wmzvtq","https://artaurea.de/profiles/?s=Sofia%20Beilharz","https://artaurea.de/profiles/?s=Sofia%20Beilharz%20SAZ"
"MnHq3gipaho0Iv07wmzVe0","Sofia Beilharz_SAZ","Sofia Beilharz","","Design Jewelry","sofia-beilharz-artwork-wmzve0","https://artaurea.de/profiles/?s=Sofia%20Beilharz","https://artaurea.de/profiles/?s=Sofia%20Beilharz%20SAZ"
"MnHq3gipaho0Iv07wmzW3P","Sofia Beilharz_SUN","Sofia Beilharz","2021","Design Jewelry","sofia-beilharz-artwork-wmzw3p","https://artaurea.de/profiles/?s=Sofia%20Beilharz","https://artaurea.de/profiles/?s=Sofia%20Beilharz%20SUN"
"MnHq3gipaho0Iv07wmzVoA","Sofia Beilharz_big disk","Sofia Beilharz","","Design Jewelry","sofia-beilharz-artwork-wmzvoa","https://artaurea.de/profiles/?s=Sofia%20Beilharz","https://artaurea.de/profiles/?s=Sofia%20Beilharz%20big%20disk"
"hEWOpVV05Nk2Wkv6vKrsOd","Sofia Beilharz_panicula","Sofia Beilharz","","Design Jewelry","sofia-beilharz-artwork-vkrsod","https://artaurea.de/profiles/?s=Sofia%20Beilharz","https://artaurea.de/profiles/?s=Sofia%20Beilharz%20panicula"
"hEWOpVV05Nk2Wkv6vKsPcT","Susanna Kuschek_Dots","Susanna Kuschek","","Design Jewelry","susanna-kuschek-artwork-vkspct","https://artaurea.de/profiles/?s=Susanna%20Kuschek","https://artaurea.de/profiles/?s=Susanna%20Kuschek%20Dots"
"5Nnn2PqcEKG4dqRP9jC85a","Tanja Friedrichs_LA","Tanja Friedrichs","2010","Design Jewelry","tanja-friedrichs-artwork-9jc85a","https://artaurea.de/profiles/?s=Tanja%20Friedrichs","https://artaurea.de/profiles/?s=Tanja%20Friedrichs%20LA"
"5Nnn2PqcEKG4dqRP9jC9t4","Tanja Friedrichs_Loope","Tanja Friedrichs","2012","Design Jewelry","tanja-friedrichs-artwork-9jc9t4","https://artaurea.de/profiles/?s=Tanja%20Friedrichs","https://artaurea.de/profiles/?s=Tanja%20Friedrichs%20Loope"
"5Nnn2PqcEKG4dqRP9jC7wI","Tanja Friedrichs_Méridien de Perle","Tanja Friedrichs","","Design Jewelry","tanja-friedrichs-artwork-9jc7wi","https://artaurea.de/profiles/?s=Tanja%20Friedrichs","https://artaurea.de/profiles/?s=Tanja%20Friedrichs%20M%C3%A9ridien%20de%20Perle"
"5Nnn2PqcEKG4dqRP9jCABe","Tanja Friedrichs_Pivot","Tanja Friedrichs","","Design Jewelry","tanja-friedrichs-artwork-9jcabe","https://artaurea.de/profiles/?s=Tanja%20Friedrichs","https://artaurea.de/profiles/?s=Tanja%20Friedrichs%20Pivot"
"5Nnn2PqcEKG4dqRP9jC8AE","Tanja Friedrichs_Quiril","Tanja Friedrichs","2011","Design Jewelry","tanja-friedrichs-artwork-9jc8ae","https://artaurea.de/profiles/?s=Tanja%20Friedrichs","https://artaurea.de/profiles/?s=Tanja%20Friedrichs%20Quiril"
"5Nnn2PqcEKG4dqRP9jCA2M","Tanja Friedrichs_Skju","Tanja Friedrichs","","Design Jewelry","tanja-friedrichs-artwork-9jca2m","https://artaurea.de/profiles/?s=Tanja%20Friedrichs","https://artaurea.de/profiles/?s=Tanja%20Friedrichs%20Skju"
"5Nnn2PqcEKG4dqRP9jC9xi","Tanja Friedrichs_Womoon","Tanja Friedrichs","","Design Jewelry","tanja-friedrichs-artwork-9jc9xi","https://artaurea.de/profiles/?s=Tanja%20Friedrichs","https://artaurea.de/profiles/?s=Tanja%20Friedrichs%20Womoon"
"hEWOpVV05Nk2Wkv6vKsJ9p","Tomáš Hlavička_Prostor   Space","Tomáš Hlavička","1997","Studio Glass","tom-hlavika-artwork-vksj9p","https://artaurea.de/profiles/?s=Tom%C3%A1%C5%A1%20Hlavi%C4%8Dka","https://artaurea.de/profiles/?s=Tom%C3%A1%C5%A1%20Hlavi%C4%8Dka%20Prostor%20%20%20Space"
"5Nnn2PqcEKG4dqRP9jCKE6","Ulla & Martin Kaufmann_1 Meter","Ulla & Martin Kaufmann","","Metal Art","ulla-martin-kaufmann-artwork-9jcke6","https://artaurea.de/profiles/?s=Ulla%20%26%20Martin%20Kaufmann","https://artaurea.de/profiles/?s=Ulla%20%26%20Martin%20Kaufmann%201%20Meter"
"5Nnn2PqcEKG4dqRP9jCKtu","Ulla & Martin Kaufmann_Architecture","Ulla & Martin Kaufmann","","Metal Art","ulla-martin-kaufmann-artwork-9jcktu","https://artaurea.de/profiles/?s=Ulla%20%26%20Martin%20Kaufmann","https://artaurea.de/profiles/?s=Ulla%20%26%20Martin%20Kaufmann%20Architecture"
"5Nnn2PqcEKG4dqRP9jCKyY","Ulla & Martin Kaufmann_Aus-dem-Kreis","Ulla & Martin Kaufmann","","Metal Art","ulla-martin-kaufmann-artwork-9jckyy","https://artaurea.de/profiles/?s=Ulla%20%26%20Martin%20Kaufmann","https://artaurea.de/profiles/?s=Ulla%20%26%20Martin%20Kaufmann%20Aus-dem-Kreis"
"5Nnn2PqcEKG4dqRP9jCLCU","Ulla & Martin Kaufmann_Chair","Ulla & Martin Kaufmann","","Metal Art","ulla-martin-kaufmann-artwork-9jclcu","https://artaurea.de/profiles/?s=Ulla%20%26%20Martin%20Kaufmann","https://artaurea.de/profiles/?s=Ulla%20%26%20Martin%20Kaufmann%20Chair"
"5Nnn2PqcEKG4dqRP9jCKWg","Ulla & Martin Kaufmann_Fast Nichts","Ulla & Martin Kaufmann","","Metal Art","ulla-martin-kaufmann-artwork-9jckwg","https://artaurea.de/profiles/?s=Ulla%20%26%20Martin%20Kaufmann","https://artaurea.de/profiles/?s=Ulla%20%26%20Martin%20Kaufmann%20Fast%20Nichts"
"5Nnn2PqcEKG4dqRP9jCMvK","Ulla & Martin Kaufmann_Fast Nichts","Ulla & Martin Kaufmann","","Metal Art","ulla-martin-kaufmann-artwork-9jcmvk","https://artaurea.de/profiles/?s=Ulla%20%26%20Martin%20Kaufmann","https://artaurea.de/profiles/?s=Ulla%20%26%20Martin%20Kaufmann%20Fast%20Nichts"
"5Nnn2PqcEKG4dqRP9jCKkc","Ulla & Martin Kaufmann_Gewickelt","Ulla & Martin Kaufmann","","Metal Art","ulla-martin-kaufmann-artwork-9jckkc","https://artaurea.de/profiles/?s=Ulla%20%26%20Martin%20Kaufmann","https://artaurea.de/profiles/?s=Ulla%20%26%20Martin%20Kaufmann%20Gewickelt"
"5Nnn2PqcEKG4dqRP9jCMzy","Ulla & Martin Kaufmann_Haus","Ulla & Martin Kaufmann","","Metal Art","ulla-martin-kaufmann-artwork-9jcmzy","https://artaurea.de/profiles/?s=Ulla%20%26%20Martin%20Kaufmann","https://artaurea.de/profiles/?s=Ulla%20%26%20Martin%20Kaufmann%20Haus"
"5Nnn2PqcEKG4dqRP9jCLH8","Ulla & Martin Kaufmann_House","Ulla & Martin Kaufmann","","Metal Art","ulla-martin-kaufmann-artwork-9jclh8","https://artaurea.de/profiles/?s=Ulla%20%26%20Martin%20Kaufmann","https://artaurea.de/profiles/?s=Ulla%20%26%20Martin%20Kaufmann%20House"
"5Nnn2PqcEKG4dqRP9jCKNO","Ulla & Martin Kaufmann_Kragen","Ulla & Martin Kaufmann","","Metal Art","ulla-martin-kaufmann-artwork-9jckno","https://artaurea.de/profiles/?s=Ulla%20%26%20Martin%20Kaufmann","https://artaurea.de/profiles/?s=Ulla%20%26%20Martin%20Kaufmann%20Kragen"
"5Nnn2PqcEKG4dqRP9jCL3C","Ulla & Martin Kaufmann_Kreuzung","Ulla & Martin Kaufmann","","Metal Art","ulla-martin-kaufmann-artwork-9jcl3c","https://artaurea.de/profiles/?s=Ulla%20%26%20Martin%20Kaufmann","https://artaurea.de/profiles/?s=Ulla%20%26%20Martin%20Kaufmann%20Kreuzung"
"5Nnn2PqcEKG4dqRP9jCKfy","Ulla & Martin Kaufmann_Nest","Ulla & Martin Kaufmann","","Metal Art","ulla-martin-kaufmann-artwork-9jckfy","https://artaurea.de/profiles/?s=Ulla%20%26%20Martin%20Kaufmann","https://artaurea.de/profiles/?s=Ulla%20%26%20Martin%20Kaufmann%20Nest"
"5Nnn2PqcEKG4dqRP9jCKS2","Ulla & Martin Kaufmann_Nur Blech","Ulla & Martin Kaufmann","","Metal Art","ulla-martin-kaufmann-artwork-9jcks2","https://artaurea.de/profiles/?s=Ulla%20%26%20Martin%20Kaufmann","https://artaurea.de/profiles/?s=Ulla%20%26%20Martin%20Kaufmann%20Nur%20Blech"
"5Nnn2PqcEKG4dqRP9jCKIk","Ulla & Martin Kaufmann_Tira","Ulla & Martin Kaufmann","","Metal Art","ulla-martin-kaufmann-artwork-9jckik","https://artaurea.de/profiles/?s=Ulla%20%26%20Martin%20Kaufmann","https://artaurea.de/profiles/?s=Ulla%20%26%20Martin%20Kaufmann%20Tira"
"5Nnn2PqcEKG4dqRP9jCKbK","Ulla & Martin Kaufmann_Topas","Ulla & Martin Kaufmann","","Metal Art","ulla-martin-kaufmann-artwork-9jckbk","https://artaurea.de/profiles/?s=Ulla%20%26%20Martin%20Kaufmann","https://artaurea.de/profiles/?s=Ulla%20%26%20Martin%20Kaufmann%20Topas"
"5Nnn2PqcEKG4dqRP9jCL7q","Ulla & Martin Kaufmann_Welle","Ulla & Martin Kaufmann","","Metal Art","ulla-martin-kaufmann-artwork-9jcl7q","https://artaurea.de/profiles/?s=Ulla%20%26%20Martin%20Kaufmann","https://artaurea.de/profiles/?s=Ulla%20%26%20Martin%20Kaufmann%20Welle"
"MnHq3gipaho0Iv07wmztZY","Ulrike Isensee_Fetzen-Loopschal","Ulrike Isensee","","Textile | Accessories","ulrike-isensee-artwork-wmztzy","https://artaurea.de/profiles/?s=Ulrike%20Isensee","https://artaurea.de/profiles/?s=Ulrike%20Isensee%20Fetzen-Loopschal"
"MnHq3gipaho0Iv07wn0L1Z","Ulrike Maeder_Coupole","Ulrike Maeder","","Lighting","ulrike-maeder-artwork-wn0l1z","https://artaurea.de/profiles/?s=Ulrike%20Maeder","https://artaurea.de/profiles/?s=Ulrike%20Maeder%20Coupole"
"MnHq3gipaho0Iv07wn0LLt","Ulrike Maeder_Filament object","Ulrike Maeder","","Lighting","ulrike-maeder-artwork-wn0llt","https://artaurea.de/profiles/?s=Ulrike%20Maeder","https://artaurea.de/profiles/?s=Ulrike%20Maeder%20Filament%20object"
"MnHq3gipaho0Iv07wn0KwU","Ulrike Maeder_Helia","Ulrike Maeder","","Lighting","ulrike-maeder-artwork-wn0kwu","https://artaurea.de/profiles/?s=Ulrike%20Maeder","https://artaurea.de/profiles/?s=Ulrike%20Maeder%20Helia"
"MnHq3gipaho0Iv07wn0LBj","Ulrike Maeder_Paper bowls","Ulrike Maeder","","Lighting","ulrike-maeder-artwork-wn0lbj","https://artaurea.de/profiles/?s=Ulrike%20Maeder","https://artaurea.de/profiles/?s=Ulrike%20Maeder%20Paper%20bowls"
"MnHq3gipaho0Iv07wn0KmK","Ulrike Maeder_Papka","Ulrike Maeder","","Lighting","ulrike-maeder-artwork-wn0kmk","https://artaurea.de/profiles/?s=Ulrike%20Maeder","https://artaurea.de/profiles/?s=Ulrike%20Maeder%20Papka"
"MnHq3gipaho0Iv07wn0KrP","Ulrike Maeder_Papka","Ulrike Maeder","","Lighting","ulrike-maeder-artwork-wn0krp","https://artaurea.de/profiles/?s=Ulrike%20Maeder","https://artaurea.de/profiles/?s=Ulrike%20Maeder%20Papka"
"hEWOpVV05Nk2Wkv6vKrpj9","Ute Kathrin Beck_Freiheit","Ute Kathrin Beck","2017","Ceramic Art","ute-kathrin-beck-artwork-vkrpj9","https://artaurea.de/profiles/?s=Ute%20Kathrin%20Beck","https://artaurea.de/profiles/?s=Ute%20Kathrin%20Beck%20Freiheit"
"hEWOpVV05Nk2Wkv6vKrpnV","Ute Kathrin Beck_Glanz und Glimmer","Ute Kathrin Beck","","Ceramic Art","ute-kathrin-beck-artwork-vkrpnv","https://artaurea.de/profiles/?s=Ute%20Kathrin%20Beck","https://artaurea.de/profiles/?s=Ute%20Kathrin%20Beck%20Glanz%20und%20Glimmer"
"5Nnn2PqcEKG4dqRP9jBkUM","burggrafburggraf_Como","burggrafburggraf","","Textile | Accessories","burggrafburggraf-artwork-9jbkum","https://artaurea.de/profiles/?s=burggrafburggraf","https://artaurea.de/profiles/?s=burggrafburggraf%20Como"