"Confidence","Score","Artwork ID","Creator","Artwork Title","Year","Top Match Filename","Match Reasons","Image ID","Image URL","Alt Candidate 1","Alt Candidate 2"
"HIGH","100","hEWOpVV05Nk2Wkv6vKsJMt","Claudia Hoppe","spraypaint","2017","49354_claudia-hoppe_bangles-spraypaint_935-silver_lacquer_german-design-award-nominee-2017.jpg","Full creator name match; Full title match; Year 2017","image-677868164269e6bcb851ec63333c02296e574736-1920x1300-jpg","https://cdn.sanity.io/images/b8bczekj/production/677868164269e6bcb851ec63333c02296e574736-1920x1300.jpg","64161_claudia-hoppe_armreife-spraypaint.jpg","64153_claudia-hoppe_armreife-spraypaint.jpg"
"HIGH","100","5Nnn2PqcEKG4dqRP9jCN4c","Deok Ho Kim","Vestige","2014","25045_deok-ho-kim-vestige-white-porcelain-grey-and-blue-linear-marbling-wheel-throwing-1280-degree-oxidation-firing-polishing_2014_dia-26-8-x-h-13-6cm.jpg","Full creator name match; Full title match; Year 2014","image-27f9d2cfd2c0441ca808f362d95ff44d60edfdde-1920x1280-jpg","https://cdn.sanity.io/images/b8bczekj/production/27f9d2cfd2c0441ca808f362d95ff44d60edfdde-1920x1280.jpg","25043_deok-ho-kim-vestige_white-porcelainblue-and-red-mixture-marbling-wheel-throwing-1280-degree-firing-polishing_2014_dia-16xh-10-8cm.jpg","25033_deok-ho-kim-vestige_white-porcelain-green-and-blue-marbling-wheel-throwing-1280-degree-reduction-firing-polishing_2014_dia-18xh-13-5cm.jpg"
"HIGH","100","5Nnn2PqcEKG4dqRP9jCN9G","Deok Ho Kim","Vestige","2014","25045_deok-ho-kim-vestige-white-porcelain-grey-and-blue-linear-marbling-wheel-throwing-1280-degree-oxidation-firing-polishing_2014_dia-26-8-x-h-13-6cm.jpg","Full creator name match; Full title match; Year 2014","image-27f9d2cfd2c0441ca808f362d95ff44d60edfdde-1920x1280-jpg","https://cdn.sanity.io/images/b8bczekj/production/27f9d2cfd2c0441ca808f362d95ff44d60edfdde-1920x1280.jpg","25043_deok-ho-kim-vestige_white-porcelainblue-and-red-mixture-marbling-wheel-throwing-1280-degree-firing-polishing_2014_dia-16xh-10-8cm.jpg","25033_deok-ho-kim-vestige_white-porcelain-green-and-blue-marbling-wheel-throwing-1280-degree-reduction-firing-polishing_2014_dia-18xh-13-5cm.jpg"
"HIGH","100","5Nnn2PqcEKG4dqRP9jCNDu","Deok Ho Kim","Vestige","2014","25045_deok-ho-kim-vestige-white-porcelain-grey-and-blue-linear-marbling-wheel-throwing-1280-degree-oxidation-firing-polishing_2014_dia-26-8-x-h-13-6cm.jpg","Full creator name match; Full title match; Year 2014","image-27f9d2cfd2c0441ca808f362d95ff44d60edfdde-1920x1280-jpg","https://cdn.sanity.io/images/b8bczekj/production/27f9d2cfd2c0441ca808f362d95ff44d60edfdde-1920x1280.jpg","25043_deok-ho-kim-vestige_white-porcelainblue-and-red-mixture-marbling-wheel-throwing-1280-degree-firing-polishing_2014_dia-16xh-10-8cm.jpg","25033_deok-ho-kim-vestige_white-porcelain-green-and-blue-marbling-wheel-throwing-1280-degree-reduction-firing-polishing_2014_dia-18xh-13-5cm.jpg"
"HIGH","100","5Nnn2PqcEKG4dqRP9jCNIY","Deok Ho Kim","Vestige","2015","25039_deok-ho-kim-vestige_white-porcelain-marbling-wheel-throwing-1280-reduction-firing-polishing_2015_dia-26-8-x-h-13-5-cm.jpg","Full creator name match; Full title match; Year 2015","image-2216d4bc6b0badf9e5da366a06335afbb0748e48-1920x1300-jpg","https://cdn.sanity.io/images/b8bczekj/production/2216d4bc6b0badf9e5da366a06335afbb0748e48-1920x1300.jpg","25035_deok-ho-kim-vestige_white-porcelain-marbling-wheel-throwing-1280-degree-reduction-firing-polishing_2015_dia-9-9-x-h-17-4-cm.jpg","25037_deok-ho-kim-vestige_white-porcelain-marbling-wheel-throwing-1280-degree-reduction-firing-polishing_2015_dia-22-5-x-h-15-1cm.jpg"
"HIGH","100","5Nnn2PqcEKG4dqRP9jCNNC","Deok Ho Kim","Vestige","2014","25045_deok-ho-kim-vestige-white-porcelain-grey-and-blue-linear-marbling-wheel-throwing-1280-degree-oxidation-firing-polishing_2014_dia-26-8-x-h-13-6cm.jpg","Full creator name match; Full title match; Year 2014","image-27f9d2cfd2c0441ca808f362d95ff44d60edfdde-1920x1280-jpg","https://cdn.sanity.io/images/b8bczekj/production/27f9d2cfd2c0441ca808f362d95ff44d60edfdde-1920x1280.jpg","25043_deok-ho-kim-vestige_white-porcelainblue-and-red-mixture-marbling-wheel-throwing-1280-degree-firing-polishing_2014_dia-16xh-10-8cm.jpg","25033_deok-ho-kim-vestige_white-porcelain-green-and-blue-marbling-wheel-throwing-1280-degree-reduction-firing-polishing_2014_dia-18xh-13-5cm.jpg"
"HIGH","100","5Nnn2PqcEKG4dqRP9jCNRq","Deok Ho Kim","Vestige","2015","25039_deok-ho-kim-vestige_white-porcelain-marbling-wheel-throwing-1280-reduction-firing-polishing_2015_dia-26-8-x-h-13-5-cm.jpg","Full creator name match; Full title match; Year 2015","image-2216d4bc6b0badf9e5da366a06335afbb0748e48-1920x1300-jpg","https://cdn.sanity.io/images/b8bczekj/production/2216d4bc6b0badf9e5da366a06335afbb0748e48-1920x1300.jpg","25035_deok-ho-kim-vestige_white-porcelain-marbling-wheel-throwing-1280-degree-reduction-firing-polishing_2015_dia-9-9-x-h-17-4-cm.jpg","25037_deok-ho-kim-vestige_white-porcelain-marbling-wheel-throwing-1280-degree-reduction-firing-polishing_2015_dia-22-5-x-h-15-1cm.jpg"
"HIGH","100","5Nnn2PqcEKG4dqRP9jCNWU","Deok Ho Kim","Vestige","2015","25039_deok-ho-kim-vestige_white-porcelain-marbling-wheel-throwing-1280-reduction-firing-polishing_2015_dia-26-8-x-h-13-5-cm.jpg","Full creator name match; Full title match; Year 2015","image-2216d4bc6b0badf9e5da366a06335afbb0748e48-1920x1300-jpg","https://cdn.sanity.io/images/b8bczekj/production/2216d4bc6b0badf9e5da366a06335afbb0748e48-1920x1300.jpg","25035_deok-ho-kim-vestige_white-porcelain-marbling-wheel-throwing-1280-degree-reduction-firing-polishing_2015_dia-9-9-x-h-17-4-cm.jpg","25037_deok-ho-kim-vestige_white-porcelain-marbling-wheel-throwing-1280-degree-reduction-firing-polishing_2015_dia-22-5-x-h-15-1cm.jpg"
"HIGH","100","MnHq3gipaho0Iv07wmzZPi","Dorothea Brill","Meter-weise Blume","2018","53012_dorothea-brill_meter-weise_blume_schmuck_schmuckdesign_german-design-award-winner-2018.jpg","Full creator name match; Full title match; Year 2018","image-2418c8ceb094eb56ea5ab52cb921426b6c0ae236-1920x2220-jpg","https://cdn.sanity.io/images/b8bczekj/production/2418c8ceb094eb56ea5ab52cb921426b6c0ae236-1920x2220.jpg","52982_dorothea-brill_meter-weise_blume_schmuck_schmuckdesign_german-design-award-winner-2018.jpg","52996_dorothea-brill_meter-weise_ladakh_schmuckdesign_german-design-award-winner-2018.jpg"
"HIGH","100","5Nnn2PqcEKG4dqRP9jCUGY","In Hwa Lee","Light of Dot","2013","19010_in-hwa-lee_light-of-dot-series_white-porcelain-opaque-clay-wheel-throwing-1280-degrees-reduction-firing-polishing_7-5x10-5-each_2013.jpg","Full creator name match; Full title match; Year 2013","image-7492a947eb3eab735d90b9e0cfb7f50cf27d5f32-1920x1260-jpg","https://cdn.sanity.io/images/b8bczekj/production/7492a947eb3eab735d90b9e0cfb7f50cf27d5f32-1920x1260.jpg","19022_in-hwa-lee_shadowed-color-red-cylider-set_white-porcelain-opaque-clay-wheel-throwing-1280-degrees-reduction-firing-polishing_19-5x9-7cm_2013.jpg","19016_in-hwa-lee_shadowed-color-cylinder_19x11-5cm_white-porcelain-wheel-throwing-1280c-oxidation-firing-polishing_2014.jpg"
"HIGH","100","5Nnn2PqcEKG4dqRP9jCTxy","In Hwa Lee","Shadowed Color Cylinder","2014","19016_in-hwa-lee_shadowed-color-cylinder_19x11-5cm_white-porcelain-wheel-throwing-1280c-oxidation-firing-polishing_2014.jpg","Full creator name match; Full title match; Year 2014","image-1649aab5f5db4486e4e9d21d46c547bba4fddfc8-1920x1260-jpg","https://cdn.sanity.io/images/b8bczekj/production/1649aab5f5db4486e4e9d21d46c547bba4fddfc8-1920x1260.jpg","19014_in-hwa-lee_shadowed-color-cup-set_9-2x8-7-each-set_white-porcelain-wheel-throwing-1280-degrees-oxidation-firing-polishing_2014.jpg","19024_in-hwa-lee_shadowed-color-yellow-cylinder-14-5xh-9-3-2.jpg"
"HIGH","100","5Nnn2PqcEKG4dqRP9jCU2c","In Hwa Lee","Shadowed Color Cylinder","2014","19016_in-hwa-lee_shadowed-color-cylinder_19x11-5cm_white-porcelain-wheel-throwing-1280c-oxidation-firing-polishing_2014.jpg","Full creator name match; Full title match; Year 2014","image-1649aab5f5db4486e4e9d21d46c547bba4fddfc8-1920x1260-jpg","https://cdn.sanity.io/images/b8bczekj/production/1649aab5f5db4486e4e9d21d46c547bba4fddfc8-1920x1260.jpg","19014_in-hwa-lee_shadowed-color-cup-set_9-2x8-7-each-set_white-porcelain-wheel-throwing-1280-degrees-oxidation-firing-polishing_2014.jpg","19024_in-hwa-lee_shadowed-color-yellow-cylinder-14-5xh-9-3-2.jpg"
"HIGH","100","5Nnn2PqcEKG4dqRP9jCUUU","Jeong Won Lee","Line for Ellipse","2013","13796_jeong-won-lee-line-for-ellipse-glazed_white-porcelain-slipcasting-transparent-glaze-1280-degrees-reduction-firing-polishing_26-5x13x14-cm-19x8x18-cm_2013.jpg","Full creator name match; Full title match; Year 2013","image-6517030e8001abb59c08e1960e2f62c14b056e24-1920x1300-jpg","https://cdn.sanity.io/images/b8bczekj/production/6517030e8001abb59c08e1960e2f62c14b056e24-1920x1300.jpg","13772_jeong-won-lee-profilbild.jpg","18985_jeong-won-lee-profilbild-3.jpg"
"HIGH","90","hEWOpVV05Nk2Wkv6vKsMFR","Angela Huebel","Mikado","","47796_4041_mikado-m-perle_h-angela-huebel-ring.jpg","Full creator name match; Full title match","image-a3e67efbbfd90921e476f2e815c4f9898d5c0c78-1920x1300-jpg","https://cdn.sanity.io/images/b8bczekj/production/a3e67efbbfd90921e476f2e815c4f9898d5c0c78-1920x1300.jpg","47788_3099_mondschein-angela-huebel-ring.jpg","1481_angela-huebel-vorschau-2-2.jpg"
"HIGH","90","hEWOpVV05Nk2Wkv6vKsMB5","Angela Huebel","Zebra","","47790_3105_zebra-m-brill-h-angela-huebel-ring.jpg","Full creator name match; Full title match","image-a88207ebb058cddc78ede1135a73dde1a564698e-1920x1300-jpg","https://cdn.sanity.io/images/b8bczekj/production/a88207ebb058cddc78ede1135a73dde1a564698e-1920x1300.jpg","47788_3099_mondschein-angela-huebel-ring.jpg","1481_angela-huebel-vorschau-2-2.jpg"
"HIGH","90","hEWOpVV05Nk2Wkv6vKs3up","Anne Fischer","o.T.","","45773_9_anne-fischer-o-t-eisen-bronzefoto-brigitte-sauer_bearbeitet.jpg","Full creator name match; Full title match","image-e4fe4329dca768f4927ff71bf94390ef03411964-1920x1300-jpg","https://cdn.sanity.io/images/b8bczekj/production/e4fe4329dca768f4927ff71bf94390ef03411964-1920x1300.jpg","57046_johannes-nagel_blue-orbit_photo-tom-dachs.jpg","18720_o-t-2013-porzellan-johannes-nagel.jpg"
"HIGH","90","MnHq3gipaho0Iv07wn00NF","Anne Ute Kaden","Alloy 925","","57016_anne-ute-kaden_schmuck_alloy-925_2-2.jpg","Full creator name match; Full title match","image-e0bd23289564c245128460807e5a31345435905c-1920x1300-jpg","https://cdn.sanity.io/images/b8bczekj/production/e0bd23289564c245128460807e5a31345435905c-1920x1300.jpg","57012_anne-ute-kaden_portrait.jpg","24641_dong-hyun-kimkanne-watering-i-silber-925-20-x-15-x-12-cm.jpg"
"HIGH","90","hEWOpVV05Nk2Wkv6vKs7Hr","Bettina Geistlich","Circulus","2012","1235_bettina-geistlich-ring-circulus-3.jpg","Full creator name match; Full title match","image-721e6f56d8d9c17fadf2e8d16f9cbd6ecd4a8256-1920x1260-jpg","https://cdn.sanity.io/images/b8bczekj/production/721e6f56d8d9c17fadf2e8d16f9cbd6ecd4a8256-1920x1260.jpg","1239_bettina-geistlich-ring-velvel-3.jpg","1233_bettina-geistlich-armreif-trema-3.jpg"
"HIGH","90","hEWOpVV05Nk2Wkv6vKs7DV","Bettina Geistlich","Trema","","1233_bettina-geistlich-armreif-trema-3.jpg","Full creator name match; Full title match","image-1527a7d6a9f336a339c13a56e9659569192fe0c1-1920x1260-jpg","https://cdn.sanity.io/images/b8bczekj/production/1527a7d6a9f336a339c13a56e9659569192fe0c1-1920x1260.jpg","1239_bettina-geistlich-ring-velvel-3.jpg","1438_bettina-geistlich-vorschau-3-2.jpg"
"HIGH","90","hEWOpVV05Nk2Wkv6vKs799","Bettina Geistlich","Velvel","2011","1239_bettina-geistlich-ring-velvel-3.jpg","Full creator name match; Full title match","image-0296c4e7dec70f4f7a6439cac7c94cafa184f7f2-1920x1260-jpg","https://cdn.sanity.io/images/b8bczekj/production/0296c4e7dec70f4f7a6439cac7c94cafa184f7f2-1920x1260.jpg","1233_bettina-geistlich-armreif-trema-3.jpg","1438_bettina-geistlich-vorschau-3-2.jpg"
"HIGH","90","hEWOpVV05Nk2Wkv6vKs7MD","Bettina Geistlich","Vimina","","1430_bettina-geistlich-ring-vimina-6-2.jpg","Full creator name match; Full title match","image-4b6f63a19a429ea7de6b83b876ae5a50f8257685-1920x1260-jpg","https://cdn.sanity.io/images/b8bczekj/production/4b6f63a19a429ea7de6b83b876ae5a50f8257685-1920x1260.jpg","1239_bettina-geistlich-ring-velvel-3.jpg","1233_bettina-geistlich-armreif-trema-3.jpg"
"HIGH","90","hEWOpVV05Nk2Wkv6vKs74n","Bettina Geistlich","Yedris","2010","1243_bettina-geistlich-ring-yedris-3.jpg","Full creator name match; Full title match","image-3d0fdfaddcd5b48fbd25e6a24b90f99735dbf7e7-1920x1260-jpg","https://cdn.sanity.io/images/b8bczekj/production/3d0fdfaddcd5b48fbd25e6a24b90f99735dbf7e7-1920x1260.jpg","1239_bettina-geistlich-ring-velvel-3.jpg","1233_bettina-geistlich-armreif-trema-3.jpg"
"HIGH","90","5Nnn2PqcEKG4dqRP9jBoSY","Carl Dau","Monochrom","2010","1204_carl-dau-anhaenger-monochrom-6.jpg","Full creator name match; Full title match","image-2563a51316099e86763975cb968b3133556a5640-1920x1260-jpg","https://cdn.sanity.io/images/b8bczekj/production/2563a51316099e86763975cb968b3133556a5640-1920x1260.jpg","1210_carl-dau-miniatur-1a-4.jpg","55711_carl-dau_schmuckdesign_schmuckminiaturen_niessing-store.jpg"
"HIGH","90","hEWOpVV05Nk2Wkv6vKsJZx","Claudia Hoppe","the edge of chaos_1","","49358_claudia-hoppe_installation_the-edge-of-chaos_1_wall_paper.jpg","Full creator name match; Full title match","image-6a6a53190387f044058d4922de10ef437cce80fb-1920x1300-jpg","https://cdn.sanity.io/images/b8bczekj/production/6a6a53190387f044058d4922de10ef437cce80fb-1920x1300.jpg","49356_claudia-hoppe_installation_strange-attractors_the-edge-of-chaos_2_yarn_paper.jpg","64003_claudia-hoppe-2.jpg"
"HIGH","90","hEWOpVV05Nk2Wkv6vKsDbn","Corinna Heller","Havanna","","57398_corinna-heller_havanna_inhorgenta_award-2019_art-aurea.jpg","Full creator name match; Full title match","image-0e7a807e52bec17911dcf1a57d6d7b340b90f8f5-1920x1300-jpg","https://cdn.sanity.io/images/b8bczekj/production/0e7a807e52bec17911dcf1a57d6d7b340b90f8f5-1920x1300.jpg","53139_corinna-heller_jewelry_havanna_jewel-design-salon.jpg","57408_corinna-heller_geschmiedete-armspangen_art-aurea.jpg"
"HIGH","90","5Nnn2PqcEKG4dqRP9jCOLa","Dong-Hyun Kim","Watering IV","","2901_dong-hyun-kim-watering-iv-2-2.jpg","Full creator name match; Full title match","image-5e752b87945fa4e2dbb75167f1af2a6fcda0d10a-1920x1260-jpg","https://cdn.sanity.io/images/b8bczekj/production/5e752b87945fa4e2dbb75167f1af2a6fcda0d10a-1920x1260.jpg","24641_dong-hyun-kimkanne-watering-i-silber-925-20-x-15-x-12-cm.jpg","2882_dong-hyun-kim-watering.jpg"
"HIGH","90","hEWOpVV05Nk2Wkv6vKs1Jh","Fine Light","Cap","","26258_fine-light-03-cap.jpg","Full creator name match; Full title match","image-7097c0785772c9ae98d66955240482c0e1083ce5-1920x1300-jpg","https://cdn.sanity.io/images/b8bczekj/production/7097c0785772c9ae98d66955240482c0e1083ce5-1920x1300.jpg","41_lightscape_herstellung_08.jpg","107_lightscape_mood_papier_porz-2.jpg"
"HIGH","90","hEWOpVV05Nk2Wkv6vKs21F","Fine Light","Lead Fishing Necklace","","26278_fine-light-10-lead-fishing-necklace.jpg","Full creator name match; Full title match","image-046e95aaa596906ee960110be8741ed759eb5729-1920x1300-jpg","https://cdn.sanity.io/images/b8bczekj/production/046e95aaa596906ee960110be8741ed759eb5729-1920x1300.jpg","26274_fine-light-08-thick-loop.jpg","26272_fine-light-07-two-loop.jpg"
"HIGH","90","hEWOpVV05Nk2Wkv6vKs1b7","Fine Light","Long Connected Bracelets","","26270_fine-light-06-long-connected-bracelets.jpg","Full creator name match; Full title match","image-57af7d781b51531c80dacfc2dfc33efdb9571b6f-1920x1300-jpg","https://cdn.sanity.io/images/b8bczekj/production/57af7d781b51531c80dacfc2dfc33efdb9571b6f-1920x1300.jpg","26278_fine-light-10-lead-fishing-necklace.jpg","26274_fine-light-08-thick-loop.jpg"
"HIGH","90","hEWOpVV05Nk2Wkv6vKs1wt","Fine Light","Ring","","26276_fine-light-09-fine-ring.jpg","Full creator name match; Full title match","image-41b0078fa3097892c2696baa60258b83b3e255a2-1920x1300-jpg","https://cdn.sanity.io/images/b8bczekj/production/41b0078fa3097892c2696baa60258b83b3e255a2-1920x1300.jpg","19026_light-of-dot-cylinder-set-19-5x10cm_porcelain-wheel-throwing-1280-degrees-reduction-firing-polishing_.jpg","52467_georg-hornemann_cologne-fine-art_ring.jpg"
"HIGH","90","hEWOpVV05Nk2Wkv6vKs16d","Fine Light","Thin Cuffs","","26389_fine-light-03a-thin-cuffs-worn-night-2.jpg","Full creator name match; Full title match","image-bc1b9d96508fa963fd52a1cf1f9cfcb5d1e1332d-1920x1300-jpg","https://cdn.sanity.io/images/b8bczekj/production/bc1b9d96508fa963fd52a1cf1f9cfcb5d1e1332d-1920x1300.jpg","26256_fine-light-02-thin-cuffs.jpg","26379_fine-light-03a-thin-cuffs-worn-night.jpg"
"HIGH","90","hEWOpVV05Nk2Wkv6vKs1Az","Fine Light","Thin Cuffs","","26389_fine-light-03a-thin-cuffs-worn-night-2.jpg","Full creator name match; Full title match","image-bc1b9d96508fa963fd52a1cf1f9cfcb5d1e1332d-1920x1300-jpg","https://cdn.sanity.io/images/b8bczekj/production/bc1b9d96508fa963fd52a1cf1f9cfcb5d1e1332d-1920x1300.jpg","26256_fine-light-02-thin-cuffs.jpg","26379_fine-light-03a-thin-cuffs-worn-night.jpg"
"HIGH","90","hEWOpVV05Nk2Wkv6vKsV69","Gigi Mariani","Contact points","","18738_gigi-mariani-contact-points-bracelet-silver-18kt-yellow-gold-niello-patina.jpg","Full creator name match; Full title match","image-38ce013ac0afc1df6fbce410f2f93b042a065ca9-1920x1300-jpg","https://cdn.sanity.io/images/b8bczekj/production/38ce013ac0afc1df6fbce410f2f93b042a065ca9-1920x1300.jpg","18770_gigi-mariani-contact-points-bracelet-silver-18kt-yellow-gold-niello-patina-3.jpg","18766_gigi-mariani-dreams-brooch-silver-18kt-yellow-gold-niello-patina.jpg"
"HIGH","90","hEWOpVV05Nk2Wkv6vKsVWH","Gigi Mariani","Dance","","18742_gigi-mariani-dance-bracelet-silver18kt-yellowgoldniello-patina.jpg","Full creator name match; Full title match","image-4e08f58156a006029fed5249e2b32c8b5a6afe1a-1920x1300-jpg","https://cdn.sanity.io/images/b8bczekj/production/4e08f58156a006029fed5249e2b32c8b5a6afe1a-1920x1300.jpg","18766_gigi-mariani-dreams-brooch-silver-18kt-yellow-gold-niello-patina.jpg","18740_gigi-mariani-cracks-ring-silver18kt-yellow-goldniello.jpg"
"HIGH","90","hEWOpVV05Nk2Wkv6vKsUg1","Gigi Mariani","Labyrinth","","50805_gigi-mariani_labyrinth-brooch-silver-pure-gold-niello-patina.jpg","Full creator name match; Full title match","image-f728e2bed0b010fda254e81100ab89c1a251f666-1920x1300-jpg","https://cdn.sanity.io/images/b8bczekj/production/f728e2bed0b010fda254e81100ab89c1a251f666-1920x1300.jpg","18766_gigi-mariani-dreams-brooch-silver-18kt-yellow-gold-niello-patina.jpg","18740_gigi-mariani-cracks-ring-silver18kt-yellow-goldniello.jpg"
"HIGH","90","hEWOpVV05Nk2Wkv6vKsUkN","Gigi Mariani","Painting series #1","","50807_gigi-mariani_painting-series-1-ring-silver-18kt-yellow-gold-niello-patina.jpg","Full creator name match; Full title match","image-51142b069e92365e4f96c318d56478bbd56b3ae2-1920x1300-jpg","https://cdn.sanity.io/images/b8bczekj/production/51142b069e92365e4f96c318d56478bbd56b3ae2-1920x1300.jpg","50809_gigi-mariani_painting-series-4-brooch-silver-18kt-yellow-gold-niello-patina.jpg","50797_gigi-mariani_brosche_painting-serie_silber_gelbgold-750_niello_patina-2.jpg"
"HIGH","90","hEWOpVV05Nk2Wkv6vKsUoj","Gigi Mariani","Painting series #4","","50809_gigi-mariani_painting-series-4-brooch-silver-18kt-yellow-gold-niello-patina.jpg","Full creator name match; Full title match","image-ed4e389bd073cbee8620552bc9aa51c94da6bdfe-1920x1300-jpg","https://cdn.sanity.io/images/b8bczekj/production/ed4e389bd073cbee8620552bc9aa51c94da6bdfe-1920x1300.jpg","50807_gigi-mariani_painting-series-1-ring-silver-18kt-yellow-gold-niello-patina.jpg","50797_gigi-mariani_brosche_painting-serie_silber_gelbgold-750_niello_patina-2.jpg"
"HIGH","90","hEWOpVV05Nk2Wkv6vKsVRv","Gigi Mariani","Variations","","18764_gigi-mariani-variations-necklace-silver-18kt-yellow-gold-niello-patina.jpg","Full creator name match; Full title match","image-6801fc9a58b62cf5caf978b2524a8f4e11917f3f-1920x1301-jpg","https://cdn.sanity.io/images/b8bczekj/production/6801fc9a58b62cf5caf978b2524a8f4e11917f3f-1920x1301.jpg","18766_gigi-mariani-dreams-brooch-silver-18kt-yellow-gold-niello-patina.jpg","18740_gigi-mariani-cracks-ring-silver18kt-yellow-goldniello.jpg"
"HIGH","90","5Nnn2PqcEKG4dqRP9jCwDC","Heide Nonnenmacher","under the sea","","53119_heide-nonnenmacher_under-the-sea_keramik_-2.jpg","Full creator name match; Full title match","image-264417bed835790c95e8111ec839e1bfe2745e32-1920x1300-jpg","https://cdn.sanity.io/images/b8bczekj/production/264417bed835790c95e8111ec839e1bfe2745e32-1920x1300.jpg","48309_heide-nonnenmacher-objekt-keramik-black-seaporzellan-durchmesser-37cm-h-20cm-2015-photo-joel-miller.jpg","57124_heide-nonnenmacher_keramik_fractal.jpg"
"HIGH","90","5Nnn2PqcEKG4dqRP9jCTMo","In Hwa Lee","Shadowed Color Cup","2013","19014_in-hwa-lee_shadowed-color-cup-set_9-2x8-7-each-set_white-porcelain-wheel-throwing-1280-degrees-oxidation-firing-polishing_2014.jpg","Full creator name match; Full title match","image-cccf73a6ec93cc1dad72d5f6ae19010dafeb00ea-1920x1260-jpg","https://cdn.sanity.io/images/b8bczekj/production/cccf73a6ec93cc1dad72d5f6ae19010dafeb00ea-1920x1260.jpg","19022_in-hwa-lee_shadowed-color-red-cylider-set_white-porcelain-opaque-clay-wheel-throwing-1280-degrees-reduction-firing-polishing_19-5x9-7cm_2013.jpg","19016_in-hwa-lee_shadowed-color-cylinder_19x11-5cm_white-porcelain-wheel-throwing-1280c-oxidation-firing-polishing_2014.jpg"
"HIGH","90","5Nnn2PqcEKG4dqRP9jCTRS","In Hwa Lee","Shadowed Color Cup","2013","19014_in-hwa-lee_shadowed-color-cup-set_9-2x8-7-each-set_white-porcelain-wheel-throwing-1280-degrees-oxidation-firing-polishing_2014.jpg","Full creator name match; Full title match","image-cccf73a6ec93cc1dad72d5f6ae19010dafeb00ea-1920x1260-jpg","https://cdn.sanity.io/images/b8bczekj/production/cccf73a6ec93cc1dad72d5f6ae19010dafeb00ea-1920x1260.jpg","19022_in-hwa-lee_shadowed-color-red-cylider-set_white-porcelain-opaque-clay-wheel-throwing-1280-degrees-reduction-firing-polishing_19-5x9-7cm_2013.jpg","19016_in-hwa-lee_shadowed-color-cylinder_19x11-5cm_white-porcelain-wheel-throwing-1280c-oxidation-firing-polishing_2014.jpg"
"HIGH","90","5Nnn2PqcEKG4dqRP9jCTW6","In Hwa Lee","Shadowed Color Cup","","19014_in-hwa-lee_shadowed-color-cup-set_9-2x8-7-each-set_white-porcelain-wheel-throwing-1280-degrees-oxidation-firing-polishing_2014.jpg","Full creator name match; Full title match","image-cccf73a6ec93cc1dad72d5f6ae19010dafeb00ea-1920x1260-jpg","https://cdn.sanity.io/images/b8bczekj/production/cccf73a6ec93cc1dad72d5f6ae19010dafeb00ea-1920x1260.jpg","19016_in-hwa-lee_shadowed-color-cylinder_19x11-5cm_white-porcelain-wheel-throwing-1280c-oxidation-firing-polishing_2014.jpg","19024_in-hwa-lee_shadowed-color-yellow-cylinder-14-5xh-9-3-2.jpg"
"HIGH","90","5Nnn2PqcEKG4dqRP9jCU7G","In Hwa Lee","Shadowed Color Cup","2013","19014_in-hwa-lee_shadowed-color-cup-set_9-2x8-7-each-set_white-porcelain-wheel-throwing-1280-degrees-oxidation-firing-polishing_2014.jpg","Full creator name match; Full title match","image-cccf73a6ec93cc1dad72d5f6ae19010dafeb00ea-1920x1260-jpg","https://cdn.sanity.io/images/b8bczekj/production/cccf73a6ec93cc1dad72d5f6ae19010dafeb00ea-1920x1260.jpg","19022_in-hwa-lee_shadowed-color-red-cylider-set_white-porcelain-opaque-clay-wheel-throwing-1280-degrees-reduction-firing-polishing_19-5x9-7cm_2013.jpg","19016_in-hwa-lee_shadowed-color-cylinder_19x11-5cm_white-porcelain-wheel-throwing-1280c-oxidation-firing-polishing_2014.jpg"
"HIGH","90","5Nnn2PqcEKG4dqRP9jCTfO","In Hwa Lee","Shadowed Color Yellow Cylinder","","19024_in-hwa-lee_shadowed-color-yellow-cylinder-14-5xh-9-3-2.jpg","Full creator name match; Full title match","image-4a28afbda6f28b4abc0d383320eb4f8503a5f5fd-1920x1260-jpg","https://cdn.sanity.io/images/b8bczekj/production/4a28afbda6f28b4abc0d383320eb4f8503a5f5fd-1920x1260.jpg","19016_in-hwa-lee_shadowed-color-cylinder_19x11-5cm_white-porcelain-wheel-throwing-1280c-oxidation-firing-polishing_2014.jpg","19022_in-hwa-lee_shadowed-color-red-cylider-set_white-porcelain-opaque-clay-wheel-throwing-1280-degrees-reduction-firing-polishing_19-5x9-7cm_2013.jpg"
"HIGH","90","MnHq3gipaho0Iv07wn00D5","Isezaki Jun","Kakki","","2382_isezaki-jun-kakki-gefaesse-3.jpg","Full creator name match; Full title match","image-038b8881dc8b8b0db11d8d27a9522ad327e9aecf-1920x1260-jpg","https://cdn.sanity.io/images/b8bczekj/production/038b8881dc8b8b0db11d8d27a9522ad327e9aecf-1920x1260.jpg","2384_isezaki-jun-portrait.jpg","57242_friedrich-becker-preis-2020_gewinner_junwon-jung_art-aurea.jpg"
"HIGH","90","5Nnn2PqcEKG4dqRP9jCySY","Johanna Otto","Pirouette","","45914_johanna-otto-pirouette_oh_variante_01.jpg","Full creator name match; Full title match","image-55846e22153755cc26ab3e395b08a97ec6486ef3-1920x1300-jpg","https://cdn.sanity.io/images/b8bczekj/production/55846e22153755cc26ab3e395b08a97ec6486ef3-1920x1300.jpg","45952_johanna-otto-pirouette_oh_variante_01-2.jpg","8710_johanna-otto-ring-gold-neu.jpg"
"HIGH","90","MnHq3gipaho0Iv07wmzsaa","Koichi Io","Whirl vessel XII","","8391_koichi-io-whirl-vessel-xii-2.jpg","Full creator name match; Full title match","image-6bf07cbc482194ddd94311874a3f051bfad04a20-997x1260-jpg","https://cdn.sanity.io/images/b8bczekj/production/6bf07cbc482194ddd94311874a3f051bfad04a20-997x1260.jpg","8389_koichi-io-whirl-vessel-xii-1.jpg","8403_koichi-io-whirl-vessel-xii-5-2.jpg"
"HIGH","90","MnHq3gipaho0Iv07wmzsff","Koichi Io","Whirl vessel XII","","8391_koichi-io-whirl-vessel-xii-2.jpg","Full creator name match; Full title match","image-6bf07cbc482194ddd94311874a3f051bfad04a20-997x1260-jpg","https://cdn.sanity.io/images/b8bczekj/production/6bf07cbc482194ddd94311874a3f051bfad04a20-997x1260.jpg","8389_koichi-io-whirl-vessel-xii-1.jpg","8403_koichi-io-whirl-vessel-xii-5-2.jpg"
"HIGH","90","MnHq3gipaho0Iv07wmzskk","Koichi Io","Whirl vessel XII","","8391_koichi-io-whirl-vessel-xii-2.jpg","Full creator name match; Full title match","image-6bf07cbc482194ddd94311874a3f051bfad04a20-997x1260-jpg","https://cdn.sanity.io/images/b8bczekj/production/6bf07cbc482194ddd94311874a3f051bfad04a20-997x1260.jpg","8389_koichi-io-whirl-vessel-xii-1.jpg","8403_koichi-io-whirl-vessel-xii-5-2.jpg"
"HIGH","90","MnHq3gipaho0Iv07wn0VVt","Ritsue Mishima","Titano","2014","49267_ritsue-mishima-interview-titano-2015.jpg","Full creator name match; Full title match","image-2a522d176971536b7dbc17db61c0f8885197377d-1300x1920-jpg","https://cdn.sanity.io/images/b8bczekj/production/2a522d176971536b7dbc17db61c0f8885197377d-1300x1920.jpg","49255_ritsue-mishima-interview-danza-2014.jpg","58996_cologne-fine-art_brutto-gusto_ritsue-mishima_spin-soffiato_foto-def-images.jpg"
"HIGH","90","5Nnn2PqcEKG4dqRP9jCZaM","Sabine Lintzen","Banda","","57928_14_sabine_lintzen_bandaaurora_art-aurea.jpg","Full creator name match; Full title match","image-79c05f2f451f08ab71d021f4098da8d9dd730373-1024x693-jpg","https://cdn.sanity.io/images/b8bczekj/production/79c05f2f451f08ab71d021f4098da8d9dd730373-1024x693.jpg","57946_14_sabine_lintzen_bandaaurora_art-aurea.jpg","57920_10_sabine_lintzen_thread01_art-aurea.jpg"
"HIGH","90","5Nnn2PqcEKG4dqRP9jCKfy","Ulla & Martin Kaufmann","Nest","","2003_ulla-martin-kaufmann-armreif-halsreif-nest.jpg","Full creator name match; Full title match","image-158c966d3a95f80068cd5a10afb1ef4af10c0e76-1920x1260-jpg","https://cdn.sanity.io/images/b8bczekj/production/158c966d3a95f80068cd5a10afb1ef4af10c0e76-1920x1260.jpg","4037_ulla-martin-kaufmann-halsreif-2-2.jpg","2009_ulla-martin-kaufmann-halsreif-band.jpg"
"HIGH","90","5Nnn2PqcEKG4dqRP9jCKS2","Ulla & Martin Kaufmann","Nur Blech","","24559_ulla-martin-kaufmann-armreif-nur-blech-2.jpg","Full creator name match; Full title match","image-55ecef76204dd083c2dd06c8cdf5fbdd4246880d-1781x1169-jpg","https://cdn.sanity.io/images/b8bczekj/production/55ecef76204dd083c2dd06c8cdf5fbdd4246880d-1781x1169.jpg","2005_ulla-martin-kaufmann-armreif-nur-blech.jpg","2003_ulla-martin-kaufmann-armreif-halsreif-nest.jpg"
"HIGH","90","5Nnn2PqcEKG4dqRP9jBkUM","burggrafburggraf","Como","","54926_burggrafburggraf_como_navi.jpg","Full creator name match; Full title match","image-d6d4d8a0c3860009d653513f1f7bd905120e086d-1920x1300-jpg","https://cdn.sanity.io/images/b8bczekj/production/d6d4d8a0c3860009d653513f1f7bd905120e086d-1920x1300.jpg","54964_burggrafburggraf_calauma_birchgrey-2.jpg","54876_potentiale-feldkirch_burggrafburggraf.jpg"
"HIGH","79","5Nnn2PqcEKG4dqRP9jCTk2","In Hwa Lee","Shadowed Color Red Cylinder","2013","19022_in-hwa-lee_shadowed-color-red-cylider-set_white-porcelain-opaque-clay-wheel-throwing-1280-degrees-reduction-firing-polishing_19-5x9-7cm_2013.jpg","Full creator name match; 3/4 title words; Year 2013","image-b46c3fed8c19a7609bccddfca7ffd1eb1f3c0f5b-1920x1260-jpg","https://cdn.sanity.io/images/b8bczekj/production/b46c3fed8c19a7609bccddfca7ffd1eb1f3c0f5b-1920x1260.jpg","19016_in-hwa-lee_shadowed-color-cylinder_19x11-5cm_white-porcelain-wheel-throwing-1280c-oxidation-firing-polishing_2014.jpg","19024_in-hwa-lee_shadowed-color-yellow-cylinder-14-5xh-9-3-2.jpg"
"HIGH","77","MnHq3gipaho0Iv07wmzYVp","Dorothea Brill","Meter-wise Blume","2018","53012_dorothea-brill_meter-weise_blume_schmuck_schmuckdesign_german-design-award-winner-2018.jpg","Full creator name match; 2/3 title words; Year 2018","image-2418c8ceb094eb56ea5ab52cb921426b6c0ae236-1920x2220-jpg","https://cdn.sanity.io/images/b8bczekj/production/2418c8ceb094eb56ea5ab52cb921426b6c0ae236-1920x2220.jpg","52982_dorothea-brill_meter-weise_blume_schmuck_schmuckdesign_german-design-award-winner-2018.jpg","52996_dorothea-brill_meter-weise_ladakh_schmuckdesign_german-design-award-winner-2018.jpg"
"HIGH","75","5Nnn2PqcEKG4dqRP9jBqPK","Carl Dau","ar-oval 3","","1206_carl-dau-armreif-ar-oval-4.jpg","Full creator name match; 1/1 title words","image-8936ac4df740831ed5a781b9fadcc613e11ec27c-1920x1260-jpg","https://cdn.sanity.io/images/b8bczekj/production/8936ac4df740831ed5a781b9fadcc613e11ec27c-1920x1260.jpg","1210_carl-dau-miniatur-1a-4.jpg","55711_carl-dau_schmuckdesign_schmuckminiaturen_niessing-store.jpg"
"HIGH","75","hEWOpVV05Nk2Wkv6vKsUt5","Gigi Mariani","Painting series #7","","50807_gigi-mariani_painting-series-1-ring-silver-18kt-yellow-gold-niello-patina.jpg","Full creator name match; 2/2 title words","image-51142b069e92365e4f96c318d56478bbd56b3ae2-1920x1300-jpg","https://cdn.sanity.io/images/b8bczekj/production/51142b069e92365e4f96c318d56478bbd56b3ae2-1920x1300.jpg","50809_gigi-mariani_painting-series-4-brooch-silver-18kt-yellow-gold-niello-patina.jpg","50797_gigi-mariani_brosche_painting-serie_silber_gelbgold-750_niello_patina-2.jpg"
"HIGH","75","5Nnn2PqcEKG4dqRP9jCco6","Iris Merkle","Falter #1","","7775_iris-merkle-falter-3.jpg","Full creator name match; 1/1 title words","image-10b839af41be16d2201667efd0c4a09daff7bdb4-1920x1260-jpg","https://cdn.sanity.io/images/b8bczekj/production/10b839af41be16d2201667efd0c4a09daff7bdb4-1920x1260.jpg","7777_iris-merkle-falter-silber.jpg","7773_iris-merkle-blaetter-01.jpg"
"HIGH","75","5Nnn2PqcEKG4dqRP9jCcsk","Iris Merkle","Falter #2","","7775_iris-merkle-falter-3.jpg","Full creator name match; 1/1 title words","image-10b839af41be16d2201667efd0c4a09daff7bdb4-1920x1260-jpg","https://cdn.sanity.io/images/b8bczekj/production/10b839af41be16d2201667efd0c4a09daff7bdb4-1920x1260.jpg","7777_iris-merkle-falter-silber.jpg","7773_iris-merkle-blaetter-01.jpg"
"HIGH","75","5Nnn2PqcEKG4dqRP9jBqrC","Martina Dempf","Twister 3","2020","62363_martina-dempf_twister3_fotomartin-beckett-jpg.jpg","Full creator name match; 1/1 title words","image-5b61271fdc11ca6d29dec96d38d5aa62658305ac-1920x1300-jpg","https://cdn.sanity.io/images/b8bczekj/production/5b61271fdc11ca6d29dec96d38d5aa62658305ac-1920x1300.jpg","62365_martina-dempf_twister4_fotomartin-beckett-jpg.jpg","27271_pas-de-deux-martina-dempf-danni-schwaag.jpg"
"HIGH","75","5Nnn2PqcEKG4dqRP9jBqvq","Martina Dempf","Twister 4","2020","62363_martina-dempf_twister3_fotomartin-beckett-jpg.jpg","Full creator name match; 1/1 title words","image-5b61271fdc11ca6d29dec96d38d5aa62658305ac-1920x1300-jpg","https://cdn.sanity.io/images/b8bczekj/production/5b61271fdc11ca6d29dec96d38d5aa62658305ac-1920x1300.jpg","62365_martina-dempf_twister4_fotomartin-beckett-jpg.jpg","27271_pas-de-deux-martina-dempf-danni-schwaag.jpg"
"HIGH","75","MnHq3gipaho0Iv07wn0BWD","Sabine Lintzen","Common Ray Olivine","","57958_08_sabine_lintzen_commonray_olivine_art-aurea.jpg","Full creator name match; 3/3 title words","image-50e766f0b3583aabb8ef9a0eb56f3339d326741f-1920x1300-jpg","https://cdn.sanity.io/images/b8bczekj/production/50e766f0b3583aabb8ef9a0eb56f3339d326741f-1920x1300.jpg","57916_08_sabine_lintzen_commonray_olivine_art-aurea.jpg","57914_07_sabine_lintzen_commonolivine_detail_art-aurea.jpg"
"HIGH","75","MnHq3gipaho0Iv07wn0BbI","Sabine Lintzen","Common Ray Olivine","","57958_08_sabine_lintzen_commonray_olivine_art-aurea.jpg","Full creator name match; 3/3 title words","image-50e766f0b3583aabb8ef9a0eb56f3339d326741f-1920x1300-jpg","https://cdn.sanity.io/images/b8bczekj/production/50e766f0b3583aabb8ef9a0eb56f3339d326741f-1920x1300.jpg","57916_08_sabine_lintzen_commonray_olivine_art-aurea.jpg","57914_07_sabine_lintzen_commonolivine_detail_art-aurea.jpg"
"HIGH","75","5Nnn2PqcEKG4dqRP9jCZR4","Sabine Lintzen","Oriental Field","","57924_12_sabine_lintzen_orientalfield_blue_art-aurea.jpg","Full creator name match; 2/2 title words","image-3ddf31bbfef6762bd7fd14139914cf2479d9316e-1024x693-jpg","https://cdn.sanity.io/images/b8bczekj/production/3ddf31bbfef6762bd7fd14139914cf2479d9316e-1024x693.jpg","57950_12_sabine_lintzen_orientalfield_blue_art-aurea.jpg","57922_11_sabine_lintzen_orientalfield_detail_art-aurea.jpg"
"HIGH","75","5Nnn2PqcEKG4dqRP9jCZVi","Sabine Lintzen","Oriental Field","","57924_12_sabine_lintzen_orientalfield_blue_art-aurea.jpg","Full creator name match; 2/2 title words","image-3ddf31bbfef6762bd7fd14139914cf2479d9316e-1024x693-jpg","https://cdn.sanity.io/images/b8bczekj/production/3ddf31bbfef6762bd7fd14139914cf2479d9316e-1024x693.jpg","57950_12_sabine_lintzen_orientalfield_blue_art-aurea.jpg","57922_11_sabine_lintzen_orientalfield_detail_art-aurea.jpg"
"HIGH","73","hEWOpVV05Nk2Wkv6vKsCpt","Bernard Heesen","Bottle, 2012","2012","22395_spiegel-2012-bernard-heesen-small-3.jpg","Full creator name match; 1/2 title words; Year 2012","image-0a53b3ff98d893c8bf3b1ffc84571e094386adf8-2928x1920-jpg","https://cdn.sanity.io/images/b8bczekj/production/0a53b3ff98d893c8bf3b1ffc84571e094386adf8-2928x1920.jpg","22077_spiegel-2012-bernard-heesen-small.jpg","18732_spiegel-2012-bernard-heesen.jpg"
"HIGH","73","hEWOpVV05Nk2Wkv6vKsClX","Bernard Heesen","Cup, 2012","2012","22395_spiegel-2012-bernard-heesen-small-3.jpg","Full creator name match; 1/2 title words; Year 2012","image-0a53b3ff98d893c8bf3b1ffc84571e094386adf8-2928x1920-jpg","https://cdn.sanity.io/images/b8bczekj/production/0a53b3ff98d893c8bf3b1ffc84571e094386adf8-2928x1920.jpg","22077_spiegel-2012-bernard-heesen-small.jpg","18732_spiegel-2012-bernard-heesen.jpg"
"HIGH","73","5Nnn2PqcEKG4dqRP9jCULC","In Hwa Lee","Green Cylinder","2014","19016_in-hwa-lee_shadowed-color-cylinder_19x11-5cm_white-porcelain-wheel-throwing-1280c-oxidation-firing-polishing_2014.jpg","Full creator name match; 1/2 title words; Year 2014","image-1649aab5f5db4486e4e9d21d46c547bba4fddfc8-1920x1260-jpg","https://cdn.sanity.io/images/b8bczekj/production/1649aab5f5db4486e4e9d21d46c547bba4fddfc8-1920x1260.jpg","19024_in-hwa-lee_shadowed-color-yellow-cylinder-14-5xh-9-3-2.jpg","19014_in-hwa-lee_shadowed-color-cup-set_9-2x8-7-each-set_white-porcelain-wheel-throwing-1280-degrees-oxidation-firing-polishing_2014.jpg"
"HIGH","70","MnHq3gipaho0Iv07wn07G1","Jeong Won Lee","T1 Series Green","2013","13782_jeon-won-lee-t1-series-green_white-porcelain-pigment-slip-casting-1280-degrees-oxidation-and-reduction-firing-polishing_11x21-5m-each_2013.jpg","2/3 creator words; Full title match; Year 2013","image-277208658ac1817fb300774ae984dfcb10bc5be9-1920x1299-jpg","https://cdn.sanity.io/images/b8bczekj/production/277208658ac1817fb300774ae984dfcb10bc5be9-1920x1299.jpg","13796_jeong-won-lee-line-for-ellipse-glazed_white-porcelain-slipcasting-transparent-glaze-1280-degrees-reduction-firing-polishing_26-5x13x14-cm-19x8x18-cm_2013.jpg","13772_jeong-won-lee-profilbild.jpg"
"HIGH","70","5Nnn2PqcEKG4dqRP9jCKIk","Ulla & Martin Kaufmann","Tira","","27352_ulla-und-martin-kaufmann-armreif-tira2015750-gold-foto-m-hoffmann-5.jpg","3/3 creator words; Full title match","image-f0ccd4f0b8c2c4254e73a74d058500dd46ba118c-1920x1300-jpg","https://cdn.sanity.io/images/b8bczekj/production/f0ccd4f0b8c2c4254e73a74d058500dd46ba118c-1920x1300.jpg","2003_ulla-martin-kaufmann-armreif-halsreif-nest.jpg","4037_ulla-martin-kaufmann-halsreif-2-2.jpg"
"HIGH","69","5Nnn2PqcEKG4dqRP9jCTIA","In Hwa Lee","Shadowed White Cylinder set","","19016_in-hwa-lee_shadowed-color-cylinder_19x11-5cm_white-porcelain-wheel-throwing-1280c-oxidation-firing-polishing_2014.jpg","Full creator name match; 3/4 title words","image-1649aab5f5db4486e4e9d21d46c547bba4fddfc8-1920x1260-jpg","https://cdn.sanity.io/images/b8bczekj/production/1649aab5f5db4486e4e9d21d46c547bba4fddfc8-1920x1260.jpg","19022_in-hwa-lee_shadowed-color-red-cylider-set_white-porcelain-opaque-clay-wheel-throwing-1280-degrees-reduction-firing-polishing_19-5x9-7cm_2013.jpg","19014_in-hwa-lee_shadowed-color-cup-set_9-2x8-7-each-set_white-porcelain-wheel-throwing-1280-degrees-oxidation-firing-polishing_2014.jpg"
"HIGH","69","MnHq3gipaho0Iv07wn0B6o","Sabine Lintzen","Bright Field Brilliant Gold","","57904_02_sabine_lintzen_brightfield_gold_art-aurea.jpg","Full creator name match; 3/4 title words","image-1be9c0f7baa3e06e80883b97c8ae411678691925-1024x693-jpg","https://cdn.sanity.io/images/b8bczekj/production/1be9c0f7baa3e06e80883b97c8ae411678691925-1024x693.jpg","57970_02_sabine_lintzen_brightfield_gold_art-aurea.jpg","57966_04_sabine_lintzen_brightfield_detail_art-aurea.jpg"
"HIGH","69","MnHq3gipaho0Iv07wn0BGy","Sabine Lintzen","Bright Field Isar Green","","57906_03_sabine_lintzen_brightfield_green_art-aurea.jpg","Full creator name match; 3/4 title words","image-2a2461f949bc328489c2be41f33c3c9283e5686a-1024x693-jpg","https://cdn.sanity.io/images/b8bczekj/production/2a2461f949bc328489c2be41f33c3c9283e5686a-1024x693.jpg","57964_05_sabine_lintzen_brightfield_softgreen_art-aurea.jpg","57910_05_sabine_lintzen_brightfield_softgreen_art-aurea.jpg"
"HIGH","69","MnHq3gipaho0Iv07wn0BM3","Sabine Lintzen","Bright Field Isar Green","","57906_03_sabine_lintzen_brightfield_green_art-aurea.jpg","Full creator name match; 3/4 title words","image-2a2461f949bc328489c2be41f33c3c9283e5686a-1024x693-jpg","https://cdn.sanity.io/images/b8bczekj/production/2a2461f949bc328489c2be41f33c3c9283e5686a-1024x693.jpg","57964_05_sabine_lintzen_brightfield_softgreen_art-aurea.jpg","57910_05_sabine_lintzen_brightfield_softgreen_art-aurea.jpg"
"HIGH","69","MnHq3gipaho0Iv07wn0BBt","Sabine Lintzen","Bright Field Ocean Green","","57906_03_sabine_lintzen_brightfield_green_art-aurea.jpg","Full creator name match; 3/4 title words","image-2a2461f949bc328489c2be41f33c3c9283e5686a-1024x693-jpg","https://cdn.sanity.io/images/b8bczekj/production/2a2461f949bc328489c2be41f33c3c9283e5686a-1024x693.jpg","57964_05_sabine_lintzen_brightfield_softgreen_art-aurea.jpg","57910_05_sabine_lintzen_brightfield_softgreen_art-aurea.jpg"
"HIGH","67","hEWOpVV05Nk2Wkv6vKs1jp","Fine Light","Two Loop Bracelet, 0","","26272_fine-light-07-two-loop.jpg","Full creator name match; 2/3 title words","image-09bd019b6c97329adcb282e9350a387d24bad880-1920x1300-jpg","https://cdn.sanity.io/images/b8bczekj/production/09bd019b6c97329adcb282e9350a387d24bad880-1920x1300.jpg","26274_fine-light-08-thick-loop.jpg","26270_fine-light-06-long-connected-bracelets.jpg"
"HIGH","67","5Nnn2PqcEKG4dqRP9jCTak","In Hwa Lee","Light of Dot Cylinder","","19010_in-hwa-lee_light-of-dot-series_white-porcelain-opaque-clay-wheel-throwing-1280-degrees-reduction-firing-polishing_7-5x10-5-each_2013.jpg","Full creator name match; 2/3 title words","image-7492a947eb3eab735d90b9e0cfb7f50cf27d5f32-1920x1260-jpg","https://cdn.sanity.io/images/b8bczekj/production/7492a947eb3eab735d90b9e0cfb7f50cf27d5f32-1920x1260.jpg","19016_in-hwa-lee_shadowed-color-cylinder_19x11-5cm_white-porcelain-wheel-throwing-1280c-oxidation-firing-polishing_2014.jpg","19024_in-hwa-lee_shadowed-color-yellow-cylinder-14-5xh-9-3-2.jpg"
"HIGH","67","MnHq3gipaho0Iv07wn0BR8","Sabine Lintzen","Bright Field Caramel","","57904_02_sabine_lintzen_brightfield_gold_art-aurea.jpg","Full creator name match; 2/3 title words","image-1be9c0f7baa3e06e80883b97c8ae411678691925-1024x693-jpg","https://cdn.sanity.io/images/b8bczekj/production/1be9c0f7baa3e06e80883b97c8ae411678691925-1024x693.jpg","57966_04_sabine_lintzen_brightfield_detail_art-aurea.jpg","57906_03_sabine_lintzen_brightfield_green_art-aurea.jpg"
"HIGH","63","MnHq3gipaho0Iv07wn0HKw","Christof Lungwitz","back-upp","","2584_christof-lungwitz-regal-back-up.jpg","Full creator name match; 1/2 title words","image-0c17403a20735d3e2cdd7c74ce09f85951196ea3-868x1257-jpg","https://cdn.sanity.io/images/b8bczekj/production/0c17403a20735d3e2cdd7c74ce09f85951196ea3-868x1257.jpg","21914_christof-lungwitz-3.jpg","46878_christof_lungwitz-133.jpg"
"HIGH","63","MnHq3gipaho0Iv07wn0Vl8","Ritsue Mishima","Tre Occhi","2008","49269_ritsue-mishima-interview-tre-luci-2016.jpg","Full creator name match; 1/2 title words","image-4a48691e4db90dfcc4ad878833475ccec07cf6f4-1300x1920-jpg","https://cdn.sanity.io/images/b8bczekj/production/4a48691e4db90dfcc4ad878833475ccec07cf6f4-1300x1920.jpg","49267_ritsue-mishima-interview-titano-2015.jpg","58996_cologne-fine-art_brutto-gusto_ritsue-mishima_spin-soffiato_foto-def-images.jpg"
"HIGH","63","5Nnn2PqcEKG4dqRP9jCZMQ","Sabine Lintzen","Oriental Field Iris Gold","","57904_02_sabine_lintzen_brightfield_gold_art-aurea.jpg","Full creator name match; 2/4 title words","image-1be9c0f7baa3e06e80883b97c8ae411678691925-1024x693-jpg","https://cdn.sanity.io/images/b8bczekj/production/1be9c0f7baa3e06e80883b97c8ae411678691925-1024x693.jpg","57924_12_sabine_lintzen_orientalfield_blue_art-aurea.jpg","57970_02_sabine_lintzen_brightfield_gold_art-aurea.jpg"
"HIGH","63","5Nnn2PqcEKG4dqRP9jCZje","Sabine Lintzen","Oriental Garden","","57924_12_sabine_lintzen_orientalfield_blue_art-aurea.jpg","Full creator name match; 1/2 title words","image-3ddf31bbfef6762bd7fd14139914cf2479d9316e-1024x693-jpg","https://cdn.sanity.io/images/b8bczekj/production/3ddf31bbfef6762bd7fd14139914cf2479d9316e-1024x693.jpg","57950_12_sabine_lintzen_orientalfield_blue_art-aurea.jpg","57922_11_sabine_lintzen_orientalfield_detail_art-aurea.jpg"
"HIGH","63","hEWOpVV05Nk2Wkv6vKsJ9p","Tomáš Hlavička","Prostor   Space","1997","2065_tomas-hlavicka-glasobjekt-space.jpg","Full creator name match; 1/2 title words","image-9920cfdef6d307e93e0ce9332f6dad4a38c161d2-811x1257-jpg","https://cdn.sanity.io/images/b8bczekj/production/9920cfdef6d307e93e0ce9332f6dad4a38c161d2-811x1257.jpg","2073_tomas-hlavicka-portrait.jpg","9923_stationangewandtekunst-taizo-kuroea-foto-tomas-riehle_-web.jpg"
"HIGH","60","5Nnn2PqcEKG4dqRP9jCa2E","Morten Lobner Espersen","MLE","2012","21893_morten-lobner-espersen-o-t-2012-24-x31-cm.jpg","Full creator name match; Year 2012","image-4b605a04a5904a181c18e0f27ea43716804f32cc-1260x1920-jpg","https://cdn.sanity.io/images/b8bczekj/production/4b605a04a5904a181c18e0f27ea43716804f32cc-1260x1920.jpg","26156_morten-lobner-espersen-keramik.jpg","21875_morten-lobner-espersen-2.jpg"
"HIGH","60","hEWOpVV05Nk2Wkv6vKrpj9","Ute Kathrin Beck","Freiheit","2017","51258_ute-beck_wandinstallation_freiheit_porzellan_metall.jpg","2/3 creator words; Full title match","image-9734d2bc3fde087592aac4891a196f16bfbd9df1-1920x1300-jpg","https://cdn.sanity.io/images/b8bczekj/production/9734d2bc3fde087592aac4891a196f16bfbd9df1-1920x1300.jpg","51370_ute-beck_wandinstallation_freiheit_porzellan_metall.jpg","62380_ute-kathrin-beck_grassi-museum-leipzig-_art-aurea.jpg"
"MEDIUM","57","hEWOpVV05Nk2Wkv6vKs1oB","Fine Light","Thick Loop, 3 mm laminated reflective material, silver crimp","","26274_fine-light-08-thick-loop.jpg","Full creator name match; 2/7 title words","image-070fa564dc89a106242ec807cfec59f18732179d-1920x1300-jpg","https://cdn.sanity.io/images/b8bczekj/production/070fa564dc89a106242ec807cfec59f18732179d-1920x1300.jpg","26272_fine-light-07-two-loop.jpg","26280_fine-light-11-thick-cuffs-worn.jpg"
"MEDIUM","56","5Nnn2PqcEKG4dqRP9jCZHm","Sabine Lintzen","Little Thread Montana Blue","","57920_10_sabine_lintzen_thread01_art-aurea.jpg","Full creator name match; 1/4 title words","image-03de78d76b47448d4af916c6d8f27aebede6f9bd-1024x693-jpg","https://cdn.sanity.io/images/b8bczekj/production/03de78d76b47448d4af916c6d8f27aebede6f9bd-1024x693.jpg","57924_12_sabine_lintzen_orientalfield_blue_art-aurea.jpg","57918_09_sabine_lintzen_thread_detail_art-aurea.jpg"
"MEDIUM","56","MnHq3gipaho0Iv07wn0BgN","Sabine Lintzen","Little Thread Montana Blue","","57920_10_sabine_lintzen_thread01_art-aurea.jpg","Full creator name match; 1/4 title words","image-03de78d76b47448d4af916c6d8f27aebede6f9bd-1024x693-jpg","https://cdn.sanity.io/images/b8bczekj/production/03de78d76b47448d4af916c6d8f27aebede6f9bd-1024x693.jpg","57924_12_sabine_lintzen_orientalfield_blue_art-aurea.jpg","57918_09_sabine_lintzen_thread_detail_art-aurea.jpg"
"MEDIUM","50","MnHq3gipaho0Iv07wmzfYl","Beate Eismann","Printed Matter","","53451_beate-eismann_sculpture_wachstum_coda.jpg","Full creator name match","image-156c2fb7b80f9af932a7e8ffa200835626f41566-1920x1300-jpg","https://cdn.sanity.io/images/b8bczekj/production/156c2fb7b80f9af932a7e8ffa200835626f41566-1920x1300.jpg","53453_beate-eismann_objekt_thermische-sma-studie-ueber-materialien-i_coda-2.jpg","53449_beate-eismann_ring-eisblume-titan_coda.jpg"
"MEDIUM","50","MnHq3gipaho0Iv07wmzfdq","Beate Eismann","Printed Matter","","53451_beate-eismann_sculpture_wachstum_coda.jpg","Full creator name match","image-156c2fb7b80f9af932a7e8ffa200835626f41566-1920x1300-jpg","https://cdn.sanity.io/images/b8bczekj/production/156c2fb7b80f9af932a7e8ffa200835626f41566-1920x1300.jpg","53453_beate-eismann_objekt_thermische-sma-studie-ueber-materialien-i_coda-2.jpg","53449_beate-eismann_ring-eisblume-titan_coda.jpg"
"MEDIUM","50","MnHq3gipaho0Iv07wmzfo0","Beate Eismann","Printed Matter","","53451_beate-eismann_sculpture_wachstum_coda.jpg","Full creator name match","image-156c2fb7b80f9af932a7e8ffa200835626f41566-1920x1300-jpg","https://cdn.sanity.io/images/b8bczekj/production/156c2fb7b80f9af932a7e8ffa200835626f41566-1920x1300.jpg","53453_beate-eismann_objekt_thermische-sma-studie-ueber-materialien-i_coda-2.jpg","53449_beate-eismann_ring-eisblume-titan_coda.jpg"
"MEDIUM","50","hEWOpVV05Nk2Wkv6vKsArx","Bernard Heesen","Glass object","","22075_bernard-heesen-46-x-13-cm-photo_-def-image.jpg","Full creator name match","image-04ffcaba335d57661c231d1c9e6a033588e95cc5-1260x1920-jpg","https://cdn.sanity.io/images/b8bczekj/production/04ffcaba335d57661c231d1c9e6a033588e95cc5-1260x1920.jpg","22395_spiegel-2012-bernard-heesen-small-3.jpg","45957_bernard-heesen-glas-arbeiten.jpg"
"MEDIUM","50","hEWOpVV05Nk2Wkv6vKsAwJ","Bernard Heesen","Glass object","","22075_bernard-heesen-46-x-13-cm-photo_-def-image.jpg","Full creator name match","image-04ffcaba335d57661c231d1c9e6a033588e95cc5-1260x1920-jpg","https://cdn.sanity.io/images/b8bczekj/production/04ffcaba335d57661c231d1c9e6a033588e95cc5-1260x1920.jpg","22395_spiegel-2012-bernard-heesen-small-3.jpg","45957_bernard-heesen-glas-arbeiten.jpg"
"MEDIUM","50","hEWOpVV05Nk2Wkv6vKsB0f","Bernard Heesen","Kratervase, 2003","2003","22075_bernard-heesen-46-x-13-cm-photo_-def-image.jpg","Full creator name match","image-04ffcaba335d57661c231d1c9e6a033588e95cc5-1260x1920-jpg","https://cdn.sanity.io/images/b8bczekj/production/04ffcaba335d57661c231d1c9e6a033588e95cc5-1260x1920.jpg","22395_spiegel-2012-bernard-heesen-small-3.jpg","45957_bernard-heesen-glas-arbeiten.jpg"
"MEDIUM","50","hEWOpVV05Nk2Wkv6vKsChB","Bernard Heesen","Vase, 1996","1996","22075_bernard-heesen-46-x-13-cm-photo_-def-image.jpg","Full creator name match","image-04ffcaba335d57661c231d1c9e6a033588e95cc5-1260x1920-jpg","https://cdn.sanity.io/images/b8bczekj/production/04ffcaba335d57661c231d1c9e6a033588e95cc5-1260x1920.jpg","22395_spiegel-2012-bernard-heesen-small-3.jpg","45957_bernard-heesen-glas-arbeiten.jpg"
"MEDIUM","50","hEWOpVV05Nk2Wkv6vKsB51","Bernard Heesen","Vase, 2000","2000","22075_bernard-heesen-46-x-13-cm-photo_-def-image.jpg","Full creator name match","image-04ffcaba335d57661c231d1c9e6a033588e95cc5-1260x1920-jpg","https://cdn.sanity.io/images/b8bczekj/production/04ffcaba335d57661c231d1c9e6a033588e95cc5-1260x1920.jpg","22395_spiegel-2012-bernard-heesen-small-3.jpg","45957_bernard-heesen-glas-arbeiten.jpg"
"MEDIUM","50","hEWOpVV05Nk2Wkv6vKsCcp","Bernard Heesen","Vase, 2000","2000","22075_bernard-heesen-46-x-13-cm-photo_-def-image.jpg","Full creator name match","image-04ffcaba335d57661c231d1c9e6a033588e95cc5-1260x1920-jpg","https://cdn.sanity.io/images/b8bczekj/production/04ffcaba335d57661c231d1c9e6a033588e95cc5-1260x1920.jpg","22395_spiegel-2012-bernard-heesen-small-3.jpg","45957_bernard-heesen-glas-arbeiten.jpg"
"MEDIUM","50","5Nnn2PqcEKG4dqRP9jCOGw","Dong-Hyun Kim","Sharing","","5152_dong-hyun-kim-vorschau.jpg","Full creator name match","image-112182fed7efb1ee075a6bcc15e67c176aa85083-1920x1260-jpg","https://cdn.sanity.io/images/b8bczekj/production/112182fed7efb1ee075a6bcc15e67c176aa85083-1920x1260.jpg","24641_dong-hyun-kimkanne-watering-i-silber-925-20-x-15-x-12-cm.jpg","2882_dong-hyun-kim-watering.jpg"
"MEDIUM","50","hEWOpVV05Nk2Wkv6vKs29x","Fine Light","Cylinder Magnet","","26278_fine-light-10-lead-fishing-necklace.jpg","Full creator name match","image-046e95aaa596906ee960110be8741ed759eb5729-1920x1300-jpg","https://cdn.sanity.io/images/b8bczekj/production/046e95aaa596906ee960110be8741ed759eb5729-1920x1300.jpg","26274_fine-light-08-thick-loop.jpg","26272_fine-light-07-two-loop.jpg"
"MEDIUM","50","MnHq3gipaho0Iv07wmzhw6","Fine Light","Hair","","26278_fine-light-10-lead-fishing-necklace.jpg","Full creator name match","image-046e95aaa596906ee960110be8741ed759eb5729-1920x1300-jpg","https://cdn.sanity.io/images/b8bczekj/production/046e95aaa596906ee960110be8741ed759eb5729-1920x1300.jpg","26274_fine-light-08-thick-loop.jpg","26272_fine-light-07-two-loop.jpg"
"MEDIUM","50","MnHq3gipaho0Iv07wmzcRh","Hans Coper","Early and large globular pot, 1953","1953","54311_hans-coper_sammlung-resi-und-heinz-doehmen.jpg","Full creator name match","image-13b3ac8b051eb7c540e975edca2509f0d8c33e95-1920x1300-jpg","https://cdn.sanity.io/images/b8bczekj/production/13b3ac8b051eb7c540e975edca2509f0d8c33e95-1920x1300.jpg","24384_hans-coper-gefaess-1024x672.jpg","2936_hans-coper-gefaess.jpg"
"MEDIUM","50","5Nnn2PqcEKG4dqRP9jCceo","Iris Merkle","Cordis #1","","7773_iris-merkle-blaetter-01.jpg","Full creator name match","image-02a969a55e1bafc71b54e45194e9869dca48eb09-1920x1260-jpg","https://cdn.sanity.io/images/b8bczekj/production/02a969a55e1bafc71b54e45194e9869dca48eb09-1920x1260.jpg","50091_iris-merkle_01.jpg","50103_iris-merkle_06.jpg"
"MEDIUM","50","5Nnn2PqcEKG4dqRP9jCcjS","Iris Merkle","Cordis #4","","7773_iris-merkle-blaetter-01.jpg","Full creator name match","image-02a969a55e1bafc71b54e45194e9869dca48eb09-1920x1260-jpg","https://cdn.sanity.io/images/b8bczekj/production/02a969a55e1bafc71b54e45194e9869dca48eb09-1920x1260.jpg","50091_iris-merkle_01.jpg","50103_iris-merkle_06.jpg"
"MEDIUM","50","5Nnn2PqcEKG4dqRP9jClis","Johannes Nagel","Untitled","","55826_westerwaldpreis_1-preis-freie-keramik_johannes-nagel.jpg","Full creator name match","image-0c90354c9528ed7ae42fae18437984dcfd8bf8f6-1920x1300-jpg","https://cdn.sanity.io/images/b8bczekj/production/0c90354c9528ed7ae42fae18437984dcfd8bf8f6-1920x1300.jpg","26640_gebrannte_farben_johannes_nagel.jpg","57046_johannes-nagel_blue-orbit_photo-tom-dachs.jpg"
"MEDIUM","50","5Nnn2PqcEKG4dqRP9jClnW","Johannes Nagel","Untitled","","55826_westerwaldpreis_1-preis-freie-keramik_johannes-nagel.jpg","Full creator name match","image-0c90354c9528ed7ae42fae18437984dcfd8bf8f6-1920x1300-jpg","https://cdn.sanity.io/images/b8bczekj/production/0c90354c9528ed7ae42fae18437984dcfd8bf8f6-1920x1300.jpg","26640_gebrannte_farben_johannes_nagel.jpg","57046_johannes-nagel_blue-orbit_photo-tom-dachs.jpg"
"MEDIUM","50","MnHq3gipaho0Iv07wn0ZRl","Johannes Nagel","Untitled","","55826_westerwaldpreis_1-preis-freie-keramik_johannes-nagel.jpg","Full creator name match","image-0c90354c9528ed7ae42fae18437984dcfd8bf8f6-1920x1300-jpg","https://cdn.sanity.io/images/b8bczekj/production/0c90354c9528ed7ae42fae18437984dcfd8bf8f6-1920x1300.jpg","26640_gebrannte_farben_johannes_nagel.jpg","57046_johannes-nagel_blue-orbit_photo-tom-dachs.jpg"
"MEDIUM","50","hEWOpVV05Nk2Wkv6vKsb8f","Joo Hyung Park","Concealed.","2014","49403_joo-hyung-park-art-aurea-awards-2016-2.jpg","Full creator name match","image-40ca5696c784363be225590baa2912b3c3455bdc-1920x1300-jpg","https://cdn.sanity.io/images/b8bczekj/production/40ca5696c784363be225590baa2912b3c3455bdc-1920x1300.jpg","49399_joo-hyung-park-art-aurea-awards-2016.jpg","19302_15-concealed-1.jpg"
"MEDIUM","50","hEWOpVV05Nk2Wkv6vKsbHN","Joo Hyung Park","Merging.","2012","49403_joo-hyung-park-art-aurea-awards-2016-2.jpg","Full creator name match","image-40ca5696c784363be225590baa2912b3c3455bdc-1920x1300-jpg","https://cdn.sanity.io/images/b8bczekj/production/40ca5696c784363be225590baa2912b3c3455bdc-1920x1300.jpg","49399_joo-hyung-park-art-aurea-awards-2016.jpg","19274_1-merging-1-spoon-with-chopsticks.jpg"
"MEDIUM","50","hEWOpVV05Nk2Wkv6vKsbLj","Joo Hyung Park","Merging.","2012","49403_joo-hyung-park-art-aurea-awards-2016-2.jpg","Full creator name match","image-40ca5696c784363be225590baa2912b3c3455bdc-1920x1300-jpg","https://cdn.sanity.io/images/b8bczekj/production/40ca5696c784363be225590baa2912b3c3455bdc-1920x1300.jpg","49399_joo-hyung-park-art-aurea-awards-2016.jpg","19274_1-merging-1-spoon-with-chopsticks.jpg"
"MEDIUM","50","hEWOpVV05Nk2Wkv6vKsbUR","Joo Hyung Park","The moment of pleasure","2012","49403_joo-hyung-park-art-aurea-awards-2016-2.jpg","Full creator name match","image-40ca5696c784363be225590baa2912b3c3455bdc-1920x1300-jpg","https://cdn.sanity.io/images/b8bczekj/production/40ca5696c784363be225590baa2912b3c3455bdc-1920x1300.jpg","49399_joo-hyung-park-art-aurea-awards-2016.jpg","19280_4-the-moment-of-pleasure-2-spoon-with-spoon-1.jpg"
"MEDIUM","50","hEWOpVV05Nk2Wkv6vKsaiX","Joo Hyung Park","The moment of pleasure.","2014","49403_joo-hyung-park-art-aurea-awards-2016-2.jpg","Full creator name match","image-40ca5696c784363be225590baa2912b3c3455bdc-1920x1300-jpg","https://cdn.sanity.io/images/b8bczekj/production/40ca5696c784363be225590baa2912b3c3455bdc-1920x1300.jpg","49399_joo-hyung-park-art-aurea-awards-2016.jpg","19280_4-the-moment-of-pleasure-2-spoon-with-spoon-1.jpg"
"MEDIUM","50","hEWOpVV05Nk2Wkv6vKsamt","Joo Hyung Park","The moment of pleasure.","2014","49403_joo-hyung-park-art-aurea-awards-2016-2.jpg","Full creator name match","image-40ca5696c784363be225590baa2912b3c3455bdc-1920x1300-jpg","https://cdn.sanity.io/images/b8bczekj/production/40ca5696c784363be225590baa2912b3c3455bdc-1920x1300.jpg","49399_joo-hyung-park-art-aurea-awards-2016.jpg","19280_4-the-moment-of-pleasure-2-spoon-with-spoon-1.jpg"
"MEDIUM","50","hEWOpVV05Nk2Wkv6vKsarF","Joo Hyung Park","The moment of pleasure.","2014","49403_joo-hyung-park-art-aurea-awards-2016-2.jpg","Full creator name match","image-40ca5696c784363be225590baa2912b3c3455bdc-1920x1300-jpg","https://cdn.sanity.io/images/b8bczekj/production/40ca5696c784363be225590baa2912b3c3455bdc-1920x1300.jpg","49399_joo-hyung-park-art-aurea-awards-2016.jpg","19280_4-the-moment-of-pleasure-2-spoon-with-spoon-1.jpg"
"MEDIUM","50","hEWOpVV05Nk2Wkv6vKsavb","Joo Hyung Park","The moment of pleasure.","2014","49403_joo-hyung-park-art-aurea-awards-2016-2.jpg","Full creator name match","image-40ca5696c784363be225590baa2912b3c3455bdc-1920x1300-jpg","https://cdn.sanity.io/images/b8bczekj/production/40ca5696c784363be225590baa2912b3c3455bdc-1920x1300.jpg","49399_joo-hyung-park-art-aurea-awards-2016.jpg","19280_4-the-moment-of-pleasure-2-spoon-with-spoon-1.jpg"
"MEDIUM","50","hEWOpVV05Nk2Wkv6vKsazx","Joo Hyung Park","The moment of pleasure.","2014","49403_joo-hyung-park-art-aurea-awards-2016-2.jpg","Full creator name match","image-40ca5696c784363be225590baa2912b3c3455bdc-1920x1300-jpg","https://cdn.sanity.io/images/b8bczekj/production/40ca5696c784363be225590baa2912b3c3455bdc-1920x1300.jpg","49399_joo-hyung-park-art-aurea-awards-2016.jpg","19280_4-the-moment-of-pleasure-2-spoon-with-spoon-1.jpg"
"MEDIUM","50","hEWOpVV05Nk2Wkv6vKsb4J","Joo Hyung Park","The moment of pleasure.","2014","49403_joo-hyung-park-art-aurea-awards-2016-2.jpg","Full creator name match","image-40ca5696c784363be225590baa2912b3c3455bdc-1920x1300-jpg","https://cdn.sanity.io/images/b8bczekj/production/40ca5696c784363be225590baa2912b3c3455bdc-1920x1300.jpg","49399_joo-hyung-park-art-aurea-awards-2016.jpg","19280_4-the-moment-of-pleasure-2-spoon-with-spoon-1.jpg"
"MEDIUM","50","hEWOpVV05Nk2Wkv6vKsbQ5","Joo Hyung Park","The moment of pleasure.","2012","49403_joo-hyung-park-art-aurea-awards-2016-2.jpg","Full creator name match","image-40ca5696c784363be225590baa2912b3c3455bdc-1920x1300-jpg","https://cdn.sanity.io/images/b8bczekj/production/40ca5696c784363be225590baa2912b3c3455bdc-1920x1300.jpg","49399_joo-hyung-park-art-aurea-awards-2016.jpg","19280_4-the-moment-of-pleasure-2-spoon-with-spoon-1.jpg"
"MEDIUM","50","hEWOpVV05Nk2Wkv6vKsbYn","Joo Hyung Park","The moment of pleasure.","2012","49403_joo-hyung-park-art-aurea-awards-2016-2.jpg","Full creator name match","image-40ca5696c784363be225590baa2912b3c3455bdc-1920x1300-jpg","https://cdn.sanity.io/images/b8bczekj/production/40ca5696c784363be225590baa2912b3c3455bdc-1920x1300.jpg","49399_joo-hyung-park-art-aurea-awards-2016.jpg","19280_4-the-moment-of-pleasure-2-spoon-with-spoon-1.jpg"
"MEDIUM","50","hEWOpVV05Nk2Wkv6vKsbd9","Joo Hyung Park","The moment of pleasure.","2012","49403_joo-hyung-park-art-aurea-awards-2016-2.jpg","Full creator name match","image-40ca5696c784363be225590baa2912b3c3455bdc-1920x1300-jpg","https://cdn.sanity.io/images/b8bczekj/production/40ca5696c784363be225590baa2912b3c3455bdc-1920x1300.jpg","49399_joo-hyung-park-art-aurea-awards-2016.jpg","19280_4-the-moment-of-pleasure-2-spoon-with-spoon-1.jpg"
"MEDIUM","50","hEWOpVV05Nk2Wkv6vKsbhV","Joo Hyung Park","The moment of pleasure.","2012","49403_joo-hyung-park-art-aurea-awards-2016-2.jpg","Full creator name match","image-40ca5696c784363be225590baa2912b3c3455bdc-1920x1300-jpg","https://cdn.sanity.io/images/b8bczekj/production/40ca5696c784363be225590baa2912b3c3455bdc-1920x1300.jpg","49399_joo-hyung-park-art-aurea-awards-2016.jpg","19280_4-the-moment-of-pleasure-2-spoon-with-spoon-1.jpg"
"MEDIUM","50","hEWOpVV05Nk2Wkv6vKsbD1","Joo Hyung Park","Untitled","","49403_joo-hyung-park-art-aurea-awards-2016-2.jpg","Full creator name match","image-40ca5696c784363be225590baa2912b3c3455bdc-1920x1300-jpg","https://cdn.sanity.io/images/b8bczekj/production/40ca5696c784363be225590baa2912b3c3455bdc-1920x1300.jpg","49399_joo-hyung-park-art-aurea-awards-2016.jpg","46385_meister-der-moderne-livvy-fink-untitled-collection-glas-gegossen.jpg"
"MEDIUM","50","hEWOpVV05Nk2Wkv6vKsMbD","Kap Sun Hwang","Untitled","","53545_kap-sun-hwang_diessener-toepfermarkt.jpg","Full creator name match","image-f45747a9c01cdac5764a79fda10e0c5c01256124-1920x1300-jpg","https://cdn.sanity.io/images/b8bczekj/production/f45747a9c01cdac5764a79fda10e0c5c01256124-1920x1300.jpg","46385_meister-der-moderne-livvy-fink-untitled-collection-glas-gegossen.jpg","25400_10-glasobjekte-untitled-des-engla-cc-88nders-tony-cragg-2015.jpg"
"MEDIUM","50","hEWOpVV05Nk2Wkv6vKsMSV","Kap Sun Hwang","Vessel","","53545_kap-sun-hwang_diessener-toepfermarkt.jpg","Full creator name match","image-f45747a9c01cdac5764a79fda10e0c5c01256124-1920x1300-jpg","https://cdn.sanity.io/images/b8bczekj/production/f45747a9c01cdac5764a79fda10e0c5c01256124-1920x1300.jpg","8513_whirl-vessel-xii-2.jpg","21243_johannes-nagel-vessels-perhaps-for-print1.jpg"
"MEDIUM","50","hEWOpVV05Nk2Wkv6vKsMWr","Kap Sun Hwang","Vessel","","53545_kap-sun-hwang_diessener-toepfermarkt.jpg","Full creator name match","image-f45747a9c01cdac5764a79fda10e0c5c01256124-1920x1300-jpg","https://cdn.sanity.io/images/b8bczekj/production/f45747a9c01cdac5764a79fda10e0c5c01256124-1920x1300.jpg","8513_whirl-vessel-xii-2.jpg","21243_johannes-nagel-vessels-perhaps-for-print1.jpg"
"MEDIUM","50","hEWOpVV05Nk2Wkv6vKsFe5","Leen Heyne","Fold","","1744_leen-heyne-ringe-wind.jpg","Full creator name match","image-003b4d3e03c24e120a71c380f1434f7f54e4634f-1920x1260-jpg","https://cdn.sanity.io/images/b8bczekj/production/003b4d3e03c24e120a71c380f1434f7f54e4634f-1920x1260.jpg","1742_leen-heyne-ringe-armreif-twist.jpg","45884_leen-heyne-ringe-40-40l.jpg"
"MEDIUM","50","5Nnn2PqcEKG4dqRP9jCQfa","Lut Laleman","Can-delight","","48794_dynamique-de-la-rythmique-lut-laleman-l3ocm-h3cm-b11cm.jpg","Full creator name match","image-77c0fa0d2f48facc44777b310ad36f98b5e0ea74-1920x1300-jpg","https://cdn.sanity.io/images/b8bczekj/production/77c0fa0d2f48facc44777b310ad36f98b5e0ea74-1920x1300.jpg","2137_lut-laleman-gefaesse2.jpg","53682_galerie-handwerk_muenchen_lut-laleman.jpg"
"MEDIUM","50","5Nnn2PqcEKG4dqRP9jBr9m","Martina Dempf","Cornucopia","2013","27271_pas-de-deux-martina-dempf-danni-schwaag.jpg","Full creator name match","image-01cd056c89ae8b99b375e3883a4a4f760aa1c12b-1920x1300-jpg","https://cdn.sanity.io/images/b8bczekj/production/01cd056c89ae8b99b375e3883a4a4f760aa1c12b-1920x1300.jpg","52306_ulrike-hamm_made-in-kreuzberg_martina-dempf.jpg","52296_made-in-kreuzberg_martina-dempf_angelika-wolpert-broschen.jpg"
"MEDIUM","50","5Nnn2PqcEKG4dqRP9jBtP8","Martina Dempf","FingerFinger1-3","","27271_pas-de-deux-martina-dempf-danni-schwaag.jpg","Full creator name match","image-01cd056c89ae8b99b375e3883a4a4f760aa1c12b-1920x1300-jpg","https://cdn.sanity.io/images/b8bczekj/production/01cd056c89ae8b99b375e3883a4a4f760aa1c12b-1920x1300.jpg","52306_ulrike-hamm_made-in-kreuzberg_martina-dempf.jpg","52296_made-in-kreuzberg_martina-dempf_angelika-wolpert-broschen.jpg"
"MEDIUM","50","5Nnn2PqcEKG4dqRP9jBtYQ","Martina Dempf","Homs","2016","27271_pas-de-deux-martina-dempf-danni-schwaag.jpg","Full creator name match","image-01cd056c89ae8b99b375e3883a4a4f760aa1c12b-1920x1300-jpg","https://cdn.sanity.io/images/b8bczekj/production/01cd056c89ae8b99b375e3883a4a4f760aa1c12b-1920x1300.jpg","52306_ulrike-hamm_made-in-kreuzberg_martina-dempf.jpg","52296_made-in-kreuzberg_martina-dempf_angelika-wolpert-broschen.jpg"
"MEDIUM","50","5Nnn2PqcEKG4dqRP9jBtTm","Martina Dempf","Snowdon","","27271_pas-de-deux-martina-dempf-danni-schwaag.jpg","Full creator name match","image-01cd056c89ae8b99b375e3883a4a4f760aa1c12b-1920x1300-jpg","https://cdn.sanity.io/images/b8bczekj/production/01cd056c89ae8b99b375e3883a4a4f760aa1c12b-1920x1300.jpg","52306_ulrike-hamm_made-in-kreuzberg_martina-dempf.jpg","52296_made-in-kreuzberg_martina-dempf_angelika-wolpert-broschen.jpg"
"MEDIUM","50","5Nnn2PqcEKG4dqRP9jCZsw","Morten Lobner Espersen","MLE","2013","21893_morten-lobner-espersen-o-t-2012-24-x31-cm.jpg","Full creator name match","image-4b605a04a5904a181c18e0f27ea43716804f32cc-1260x1920-jpg","https://cdn.sanity.io/images/b8bczekj/production/4b605a04a5904a181c18e0f27ea43716804f32cc-1260x1920.jpg","26156_morten-lobner-espersen-keramik.jpg","21875_morten-lobner-espersen-2.jpg"
"MEDIUM","50","5Nnn2PqcEKG4dqRP9jCaKo","Morten Lobner Espersen","Mushroom","2013","21893_morten-lobner-espersen-o-t-2012-24-x31-cm.jpg","Full creator name match","image-4b605a04a5904a181c18e0f27ea43716804f32cc-1260x1920-jpg","https://cdn.sanity.io/images/b8bczekj/production/4b605a04a5904a181c18e0f27ea43716804f32cc-1260x1920.jpg","22334_mushroom-2013-30-x-14-cm-photo_-def-image-3.jpg","26156_morten-lobner-espersen-keramik.jpg"
"MEDIUM","50","hEWOpVV05Nk2Wkv6vKrvhJ","Patrizia Bonati","Wild","","22765_3patrizia-bonati-necklace.jpg","Full creator name match","image-332fb6789495b33bcf639ca35eb48d23f3788aed-1920x1303-jpg","https://cdn.sanity.io/images/b8bczekj/production/332fb6789495b33bcf639ca35eb48d23f3788aed-1920x1303.jpg","51362_patrizia-bonati_eunique-karlsruhe-2017.jpg","22777_12patrizia-bonati-necklace.jpg"
"MEDIUM","50","MnHq3gipaho0Iv07wn0Awe","Ria Lins","Eau bénité","","54693_ria-lins_3meander_schmuckkunst.jpg","Full creator name match","image-6aa8f80bf51e2e00e43052e3e10b7968687a4fdf-1920x1300-jpg","https://cdn.sanity.io/images/b8bczekj/production/6aa8f80bf51e2e00e43052e3e10b7968687a4fdf-1920x1300.jpg","22794_eau-benite.jpg","57607_earthen-beauty_marianne-heller_art-aurea.jpg"
"MEDIUM","50","MnHq3gipaho0Iv07wn0ASA","Ria Lins","I will carry you","2012","54693_ria-lins_3meander_schmuckkunst.jpg","Full creator name match","image-6aa8f80bf51e2e00e43052e3e10b7968687a4fdf-1920x1300-jpg","https://cdn.sanity.io/images/b8bczekj/production/6aa8f80bf51e2e00e43052e3e10b7968687a4fdf-1920x1300.jpg","22798_i-will-carry-you-3.jpg","53594_keramion_luca-lanzi-bola-d-aria-2012-foto-luca-lanzi.jpg"
"MEDIUM","50","5Nnn2PqcEKG4dqRP9jCXUI","Ria Lins","Rock me Baby","2018","54693_ria-lins_3meander_schmuckkunst.jpg","Full creator name match","image-6aa8f80bf51e2e00e43052e3e10b7968687a4fdf-1920x1300-jpg","https://cdn.sanity.io/images/b8bczekj/production/6aa8f80bf51e2e00e43052e3e10b7968687a4fdf-1920x1300.jpg","53126_herbert-hofmann-preis-2018_julia-maria-kuennap.jpg","53130_herbert-hofmann-preise_schmuck-2018_dieter-dohr_cornelie-holzach_gernot-leibold_stefano-marchetti_lin-cheung_caroline-broadhead_julia-maria-kuennap_wolfgang-loesche.jpg"
"MEDIUM","50","MnHq3gipaho0Iv07wn0VQo","Ritsue Mishima","Jomon Coppa","2008","49267_ritsue-mishima-interview-titano-2015.jpg","Full creator name match","image-2a522d176971536b7dbc17db61c0f8885197377d-1300x1920-jpg","https://cdn.sanity.io/images/b8bczekj/production/2a522d176971536b7dbc17db61c0f8885197377d-1300x1920.jpg","58996_cologne-fine-art_brutto-gusto_ritsue-mishima_spin-soffiato_foto-def-images.jpg","49259_ritsue-mishima-interview-io-2016.jpg"
"MEDIUM","50","5Nnn2PqcEKG4dqRP9jCiZm","Ritsue Mishima","Lava","2008","49267_ritsue-mishima-interview-titano-2015.jpg","Full creator name match","image-2a522d176971536b7dbc17db61c0f8885197377d-1300x1920-jpg","https://cdn.sanity.io/images/b8bczekj/production/2a522d176971536b7dbc17db61c0f8885197377d-1300x1920.jpg","58996_cologne-fine-art_brutto-gusto_ritsue-mishima_spin-soffiato_foto-def-images.jpg","49259_ritsue-mishima-interview-io-2016.jpg"
"MEDIUM","50","5Nnn2PqcEKG4dqRP9jCZoI","Sabine Lintzen","Leaves & Dots","","57920_10_sabine_lintzen_thread01_art-aurea.jpg","Full creator name match","image-03de78d76b47448d4af916c6d8f27aebede6f9bd-1024x693-jpg","https://cdn.sanity.io/images/b8bczekj/production/03de78d76b47448d4af916c6d8f27aebede6f9bd-1024x693.jpg","57904_02_sabine_lintzen_brightfield_gold_art-aurea.jpg","57966_04_sabine_lintzen_brightfield_detail_art-aurea.jpg"
"MEDIUM","50","MnHq3gipaho0Iv07wn0B1j","Sabine Lintzen","Question & Answer","","57920_10_sabine_lintzen_thread01_art-aurea.jpg","Full creator name match","image-03de78d76b47448d4af916c6d8f27aebede6f9bd-1024x693-jpg","https://cdn.sanity.io/images/b8bczekj/production/03de78d76b47448d4af916c6d8f27aebede6f9bd-1024x693.jpg","57904_02_sabine_lintzen_brightfield_gold_art-aurea.jpg","57966_04_sabine_lintzen_brightfield_detail_art-aurea.jpg"
"MEDIUM","50","hEWOpVV05Nk2Wkv6vKsPcT","Susanna Kuschek","Dots","","1939_susanna-kuschek-ring-punkte-3.jpg","Full creator name match","image-03ec22572f9d9628cc38a58bed1c5d43f677d3bb-1920x1260-jpg","https://cdn.sanity.io/images/b8bczekj/production/03ec22572f9d9628cc38a58bed1c5d43f677d3bb-1920x1260.jpg","53752_susanna-kuschek_schmuck.jpg","26548_susanna-kuschek-armband.jpg"
"MEDIUM","50","5Nnn2PqcEKG4dqRP9jCKE6","Ulla & Martin Kaufmann","1 Meter","","2003_ulla-martin-kaufmann-armreif-halsreif-nest.jpg","Full creator name match","image-158c966d3a95f80068cd5a10afb1ef4af10c0e76-1920x1260-jpg","https://cdn.sanity.io/images/b8bczekj/production/158c966d3a95f80068cd5a10afb1ef4af10c0e76-1920x1260.jpg","4037_ulla-martin-kaufmann-halsreif-2-2.jpg","2009_ulla-martin-kaufmann-halsreif-band.jpg"
"MEDIUM","50","5Nnn2PqcEKG4dqRP9jCKtu","Ulla & Martin Kaufmann","Architecture","","2003_ulla-martin-kaufmann-armreif-halsreif-nest.jpg","Full creator name match","image-158c966d3a95f80068cd5a10afb1ef4af10c0e76-1920x1260-jpg","https://cdn.sanity.io/images/b8bczekj/production/158c966d3a95f80068cd5a10afb1ef4af10c0e76-1920x1260.jpg","4037_ulla-martin-kaufmann-halsreif-2-2.jpg","2009_ulla-martin-kaufmann-halsreif-band.jpg"
"MEDIUM","50","5Nnn2PqcEKG4dqRP9jCKyY","Ulla & Martin Kaufmann","Aus-dem-Kreis","","2003_ulla-martin-kaufmann-armreif-halsreif-nest.jpg","Full creator name match","image-158c966d3a95f80068cd5a10afb1ef4af10c0e76-1920x1260-jpg","https://cdn.sanity.io/images/b8bczekj/production/158c966d3a95f80068cd5a10afb1ef4af10c0e76-1920x1260.jpg","4037_ulla-martin-kaufmann-halsreif-2-2.jpg","2009_ulla-martin-kaufmann-halsreif-band.jpg"
"MEDIUM","50","5Nnn2PqcEKG4dqRP9jCLCU","Ulla & Martin Kaufmann","Chair","","2003_ulla-martin-kaufmann-armreif-halsreif-nest.jpg","Full creator name match","image-158c966d3a95f80068cd5a10afb1ef4af10c0e76-1920x1260-jpg","https://cdn.sanity.io/images/b8bczekj/production/158c966d3a95f80068cd5a10afb1ef4af10c0e76-1920x1260.jpg","4037_ulla-martin-kaufmann-halsreif-2-2.jpg","2009_ulla-martin-kaufmann-halsreif-band.jpg"
"MEDIUM","50","5Nnn2PqcEKG4dqRP9jCKWg","Ulla & Martin Kaufmann","Fast Nichts","","2003_ulla-martin-kaufmann-armreif-halsreif-nest.jpg","Full creator name match","image-158c966d3a95f80068cd5a10afb1ef4af10c0e76-1920x1260-jpg","https://cdn.sanity.io/images/b8bczekj/production/158c966d3a95f80068cd5a10afb1ef4af10c0e76-1920x1260.jpg","4037_ulla-martin-kaufmann-halsreif-2-2.jpg","2009_ulla-martin-kaufmann-halsreif-band.jpg"
"MEDIUM","50","5Nnn2PqcEKG4dqRP9jCMvK","Ulla & Martin Kaufmann","Fast Nichts","","2003_ulla-martin-kaufmann-armreif-halsreif-nest.jpg","Full creator name match","image-158c966d3a95f80068cd5a10afb1ef4af10c0e76-1920x1260-jpg","https://cdn.sanity.io/images/b8bczekj/production/158c966d3a95f80068cd5a10afb1ef4af10c0e76-1920x1260.jpg","4037_ulla-martin-kaufmann-halsreif-2-2.jpg","2009_ulla-martin-kaufmann-halsreif-band.jpg"
"MEDIUM","50","5Nnn2PqcEKG4dqRP9jCKkc","Ulla & Martin Kaufmann","Gewickelt","","2003_ulla-martin-kaufmann-armreif-halsreif-nest.jpg","Full creator name match","image-158c966d3a95f80068cd5a10afb1ef4af10c0e76-1920x1260-jpg","https://cdn.sanity.io/images/b8bczekj/production/158c966d3a95f80068cd5a10afb1ef4af10c0e76-1920x1260.jpg","4037_ulla-martin-kaufmann-halsreif-2-2.jpg","2009_ulla-martin-kaufmann-halsreif-band.jpg"
"MEDIUM","50","5Nnn2PqcEKG4dqRP9jCMzy","Ulla & Martin Kaufmann","Haus","","2003_ulla-martin-kaufmann-armreif-halsreif-nest.jpg","Full creator name match","image-158c966d3a95f80068cd5a10afb1ef4af10c0e76-1920x1260-jpg","https://cdn.sanity.io/images/b8bczekj/production/158c966d3a95f80068cd5a10afb1ef4af10c0e76-1920x1260.jpg","4037_ulla-martin-kaufmann-halsreif-2-2.jpg","55653_radical-craft_direktorenhaus_eliza-strozyk_zascho-petkow_martin-holzapfel-2.jpg"
"MEDIUM","50","5Nnn2PqcEKG4dqRP9jCLH8","Ulla & Martin Kaufmann","House","","2003_ulla-martin-kaufmann-armreif-halsreif-nest.jpg","Full creator name match","image-158c966d3a95f80068cd5a10afb1ef4af10c0e76-1920x1260-jpg","https://cdn.sanity.io/images/b8bczekj/production/158c966d3a95f80068cd5a10afb1ef4af10c0e76-1920x1260.jpg","4037_ulla-martin-kaufmann-halsreif-2-2.jpg","2009_ulla-martin-kaufmann-halsreif-band.jpg"
"MEDIUM","50","5Nnn2PqcEKG4dqRP9jCKNO","Ulla & Martin Kaufmann","Kragen","","2003_ulla-martin-kaufmann-armreif-halsreif-nest.jpg","Full creator name match","image-158c966d3a95f80068cd5a10afb1ef4af10c0e76-1920x1260-jpg","https://cdn.sanity.io/images/b8bczekj/production/158c966d3a95f80068cd5a10afb1ef4af10c0e76-1920x1260.jpg","4037_ulla-martin-kaufmann-halsreif-2-2.jpg","2009_ulla-martin-kaufmann-halsreif-band.jpg"
"MEDIUM","50","5Nnn2PqcEKG4dqRP9jCL3C","Ulla & Martin Kaufmann","Kreuzung","","2003_ulla-martin-kaufmann-armreif-halsreif-nest.jpg","Full creator name match","image-158c966d3a95f80068cd5a10afb1ef4af10c0e76-1920x1260-jpg","https://cdn.sanity.io/images/b8bczekj/production/158c966d3a95f80068cd5a10afb1ef4af10c0e76-1920x1260.jpg","4037_ulla-martin-kaufmann-halsreif-2-2.jpg","2009_ulla-martin-kaufmann-halsreif-band.jpg"
"MEDIUM","50","5Nnn2PqcEKG4dqRP9jCKbK","Ulla & Martin Kaufmann","Topas","","2003_ulla-martin-kaufmann-armreif-halsreif-nest.jpg","Full creator name match","image-158c966d3a95f80068cd5a10afb1ef4af10c0e76-1920x1260-jpg","https://cdn.sanity.io/images/b8bczekj/production/158c966d3a95f80068cd5a10afb1ef4af10c0e76-1920x1260.jpg","4037_ulla-martin-kaufmann-halsreif-2-2.jpg","2009_ulla-martin-kaufmann-halsreif-band.jpg"
"MEDIUM","50","5Nnn2PqcEKG4dqRP9jCL7q","Ulla & Martin Kaufmann","Welle","","2003_ulla-martin-kaufmann-armreif-halsreif-nest.jpg","Full creator name match","image-158c966d3a95f80068cd5a10afb1ef4af10c0e76-1920x1260-jpg","https://cdn.sanity.io/images/b8bczekj/production/158c966d3a95f80068cd5a10afb1ef4af10c0e76-1920x1260.jpg","4037_ulla-martin-kaufmann-halsreif-2-2.jpg","2009_ulla-martin-kaufmann-halsreif-band.jpg"
"MEDIUM","50","hEWOpVV05Nk2Wkv6vKrpnV","Ute Kathrin Beck","Glanz und Glimmer","","62380_ute-kathrin-beck_grassi-museum-leipzig-_art-aurea.jpg","Full creator name match","image-13c603f8ca961490cf01e189940334538c244d6b-1920x1300-jpg","https://cdn.sanity.io/images/b8bczekj/production/13c603f8ca961490cf01e189940334538c244d6b-1920x1300.jpg","57681_zeughausmesse-2020_ute-kathrin-beck_artaurea.jpg","56182_zeughausmesse_ute-kathrin-beck.jpg"
"MEDIUM","40","drafts.MnHq3gipaho0Iv07wn0c4L","Aino Nebel","Kupferschale","2007","21357_kupferschale-3.jpg","Full title match","image-80205a8088e3c46e2be3cc09e7c7e6bb3eb48861-1920x1300-jpg","https://cdn.sanity.io/images/b8bczekj/production/80205a8088e3c46e2be3cc09e7c7e6bb3eb48861-1920x1300.jpg","21344_kupferschale.jpg","64397_jioserie-creole-aino-750gold-christina-pauls.jpg"
"MEDIUM","40","hEWOpVV05Nk2Wkv6vKsAEl","Batho Gündra","Untitled","2012","46385_meister-der-moderne-livvy-fink-untitled-collection-glas-gegossen.jpg","Full title match","image-41c8da5835b94602141fc70b7fee104b3ec13917-1920x1300-jpg","https://cdn.sanity.io/images/b8bczekj/production/41c8da5835b94602141fc70b7fee104b3ec13917-1920x1300.jpg","25400_10-glasobjekte-untitled-des-engla-cc-88nders-tony-cragg-2015.jpg","62832_art-paris_jane-yang-dhaene_untitled_2023_presented-by-bienvenu-steinberg-and-j_usa.jpg"
"MEDIUM","33","5Nnn2PqcEKG4dqRP9jCt8k","Kay Eppi Nölke","Grasring Nr. 210","2009","5106_kay-eppi-noelke-grasring-eisen-3.jpg","2/3 creator words; 1/2 title words","image-68d4751f7263fd3aa9cd1541fd71098271cb01f9-1920x1260-jpg","https://cdn.sanity.io/images/b8bczekj/production/68d4751f7263fd3aa9cd1541fd71098271cb01f9-1920x1260.jpg","54721_kay-eppi-noelke_inhorgenta.jpg","5104_kay-eppi-noelke-vorschau.jpg"
"LOW","17","hEWOpVV05Nk2Wkv6vKs9xL","Batho Gündra","Sun and Moon","","52583_david-bielander_koi_honeymoon_marianne-heller.jpg","2/3 title words","image-0da66be43ea16c070b836cc0d0c423a9d0fa49b8-1920x1300-jpg","https://cdn.sanity.io/images/b8bczekj/production/0da66be43ea16c070b836cc0d0c423a9d0fa49b8-1920x1300.jpg","52587_minegishi_britton_-bielander_photo_styling_dirk-eisel_-corinna-teresa-brixhoneymoon_marianne-heller.jpg","52581_david-bielander_honeymoon_marianne-heller.jpg"
"LOW","15","drafts.MnHq3gipaho0Iv07wn0bzG","Aino Nebel","Wäschestück","2008","64397_jioserie-creole-aino-750gold-christina-pauls.jpg","1/2 creator words","image-21e8b1b2eb82d5d82eb9c23ace372e2c29afc87d-1500x1000-jpg","https://cdn.sanity.io/images/b8bczekj/production/21e8b1b2eb82d5d82eb9c23ace372e2c29afc87d-1500x1000.jpg","64405_jioserie-ohrsstecker-aino-925silber-christina-pauls.jpg",""
"LOW","15","hEWOpVV05Nk2Wkv6vKsAAP","Batho Gündra","Stairs","2011","1185_batho-guendra-treppenkette-3.jpg","1/2 creator words","image-20a3d0af003483975fd55bada7d702d2a439f1d9-1920x1260-jpg","https://cdn.sanity.io/images/b8bczekj/production/20a3d0af003483975fd55bada7d702d2a439f1d9-1920x1260.jpg","1181_batho-guendra-halskette-sonne-mond-3.jpg","23003_bathoguendra01_mkuenzli.jpg"
"LOW","15","5Nnn2PqcEKG4dqRP9jCQIM","Dominique Labordery","Tsure","","61402_margareta-daepp_archaeologie-der-zukunft_foto-dominique-uldry.jpg","1/2 creator words","image-a323c0e6ea8c0ed4b276302282185e920852b4a5-1920x1300-jpg","https://cdn.sanity.io/images/b8bczekj/production/a323c0e6ea8c0ed4b276302282185e920852b4a5-1920x1300.jpg","",""
"LOW","15","5Nnn2PqcEKG4dqRP9jC1s2","Felicia Mülbaier","Talismane","2022","63629_staatspreise-baden-wuerttemberg_felicia-muelbaier.jpg","1/2 creator words","image-1a1ed197917e35ffabb334d3f6d94152d393e000-1920x1300-jpg","https://cdn.sanity.io/images/b8bczekj/production/1a1ed197917e35ffabb334d3f6d94152d393e000-1920x1300.jpg","57229_felicia-muelbaier_bdk_art-aurea.jpg","56688_rosemarie-jaeger_felicia-muelbaier_jewelry.jpg"