"artwork_id","artwork_name","creator","proposed_asset_id","proposed_filename","score"
"drafts.hEWOpVV05Nk2Wkv6vKs7hz","Achim Gersmann_Crown QR","Achim Gersmann","image-b425a0cd35a083aff10382f3e49a26a45ea5248e-1920x1260-jpg","5538_achim-gersmann-crown-qr1.jpg","3"
"drafts.hEWOpVV05Nk2Wkv6vKs83l","Achim Gersmann_Crown QR","Achim Gersmann","image-b425a0cd35a083aff10382f3e49a26a45ea5248e-1920x1260-jpg","5538_achim-gersmann-crown-qr1.jpg","3"
"drafts.hEWOpVV05Nk2Wkv6vKs7dd","Achim Gersmann_Orbit 1","Achim Gersmann","image-16c94be8e07e85ae4b903ebf84a8d18ecc40ea09-1920x1260-jpg","1458_achim-gersmann-orbit-1-2.jpg","3"
"drafts.hEWOpVV05Nk2Wkv6vKs887","Achim Gersmann_SL","Achim Gersmann","image-0344cbdef2326c53fa0793074a16dbe15a9049aa-1920x1260-jpg","5540_achim-gersmann-ring-p3.jpg","2"
"hEWOpVV05Nk2Wkv6vKsMFR","Angela Huebel_Mikado","Angela Huebel","image-a3e67efbbfd90921e476f2e815c4f9898d5c0c78-1920x1300-jpg","47796_4041_mikado-m-perle_h-angela-huebel-ring.jpg","3"
"hEWOpVV05Nk2Wkv6vKsMB5","Angela Huebel_Zebra","Angela Huebel","image-a88207ebb058cddc78ede1135a73dde1a564698e-1920x1300-jpg","47790_3105_zebra-m-brill-h-angela-huebel-ring.jpg","3"
"hEWOpVV05Nk2Wkv6vKs3up","Anne Fischer_o.T.","Anne Fischer","image-040e7c0800b332b716fff0f80446c19d9c0a0735-1920x1300-jpg","45763_anne-fischer-gemalte-gabeln-silber-acrylfarbe-foto-brigitte-sauer.jpg","2"
"MnHq3gipaho0Iv07wn00NF","Anne Ute Kaden_Alloy 925","Anne Ute Kaden","image-01d7b217aa7673e350f8f69e83fbb7556e65766b-1920x1300-jpg","56998_anne-ute-kaden_schmuck_alloy-925_7.jpg","5"
"5Nnn2PqcEKG4dqRP9jBu9a","Babette von Dohnanyi_Blue Velvet","Babette von Dohnanyi","image-1f0d45a3c2d5e140f3984097982249b81a9a0283-1920x1260-jpg","3972_babette-von-dohnanyi-blue-velvet-brooch-2.jpg","5"
"5Nnn2PqcEKG4dqRP9jBuEE","Babette von Dohnanyi_Mirror Hero","Babette von Dohnanyi","image-5fce3d498c3fd96e3ecc0c228dcb112a8cbfd903-1920x1260-jpg","1024_babette-von-dohnanyi-mirror-hero-chain-3.jpg","5"
"5Nnn2PqcEKG4dqRP9jBu0I","Babette von Dohnanyi_Rocks","Babette von Dohnanyi","image-12d6a1b4397ebdf6eeff24343e057eee71153d0f-1920x1260-jpg","1503_babette-von-dohnanyi-ring-rock-3.jpg","3"
"5Nnn2PqcEKG4dqRP9jBu4w","Babette von Dohnanyi_Template","Babette von Dohnanyi","image-41bb21053e3f9a7fe50517258205d85f75ec3913-1920x1260-jpg","3970_babette-von-dohnanyi-bracelet-template-2.jpg","4"
"5Nnn2PqcEKG4dqRP9jCn4U","Barbara Nanning_Botanica","Barbara Nanning","image-00328befaaf72a9c8a743223a0d6607112f7ef9e-1920x1300-jpg","49025_barbara-nanning-studioglas-24-x-22-x-18-cm.jpg","2"
"5Nnn2PqcEKG4dqRP9jCpFC","Barbara Nanning_Cacahouète","Barbara Nanning","image-c0695cd77e78c4b9201b077f67a61740e3d105a8-1920x1300-jpg","49051_barbara-nanning-studioglas-cacahouete.jpg","3"
"5Nnn2PqcEKG4dqRP9jCpT8","Barbara Nanning_Chang Chang","Barbara Nanning","image-d80938bf54f6f2f589039d74569d57c89f4da65f-1920x1300-jpg","49037_barbara-nanning-studioglas-chang-chang.jpg","3"
"5Nnn2PqcEKG4dqRP9jCm66","Barbara Nanning_Galaxy","Barbara Nanning","image-00328befaaf72a9c8a743223a0d6607112f7ef9e-1920x1300-jpg","49025_barbara-nanning-studioglas-24-x-22-x-18-cm.jpg","2"
"5Nnn2PqcEKG4dqRP9jCmFO","Barbara Nanning_Galaxy","Barbara Nanning","image-00328befaaf72a9c8a743223a0d6607112f7ef9e-1920x1300-jpg","49025_barbara-nanning-studioglas-24-x-22-x-18-cm.jpg","2"
"5Nnn2PqcEKG4dqRP9jCmK2","Barbara Nanning_Galaxy","Barbara Nanning","image-00328befaaf72a9c8a743223a0d6607112f7ef9e-1920x1300-jpg","49025_barbara-nanning-studioglas-24-x-22-x-18-cm.jpg","2"
"5Nnn2PqcEKG4dqRP9jCn98","Barbara Nanning_Reclining Flower","Barbara Nanning","image-00328befaaf72a9c8a743223a0d6607112f7ef9e-1920x1300-jpg","49025_barbara-nanning-studioglas-24-x-22-x-18-cm.jpg","2"
"5Nnn2PqcEKG4dqRP9jCmvC","Barbara Nanning_Seres","Barbara Nanning","image-00328befaaf72a9c8a743223a0d6607112f7ef9e-1920x1300-jpg","49025_barbara-nanning-studioglas-24-x-22-x-18-cm.jpg","2"
"5Nnn2PqcEKG4dqRP9jCpqM","Barbara Nanning_Tendresse","Barbara Nanning","image-b5a1960971239df3613483327c8c1465aeb3bb68-1920x1300-jpg","49023_barbara-nanning-studioglas-tendresse-40-x-25-x-47-cm.jpg","3"
"5Nnn2PqcEKG4dqRP9jCmOg","Barbara Nanning_Terra","Barbara Nanning","image-4818a3a7eeb4e6d9b2c3428f5894f2e7dbdddb8c-1920x1300-jpg","21515_barbara-nanning-terra-5a-4.jpg","3"
"5Nnn2PqcEKG4dqRP9jCmTK","Barbara Nanning_Terra","Barbara Nanning","image-4818a3a7eeb4e6d9b2c3428f5894f2e7dbdddb8c-1920x1300-jpg","21515_barbara-nanning-terra-5a-4.jpg","3"
"5Nnn2PqcEKG4dqRP9jCmXy","Barbara Nanning_Terra","Barbara Nanning","image-4818a3a7eeb4e6d9b2c3428f5894f2e7dbdddb8c-1920x1300-jpg","21515_barbara-nanning-terra-5a-4.jpg","3"
"5Nnn2PqcEKG4dqRP9jCmcc","Barbara Nanning_Terra","Barbara Nanning","image-4818a3a7eeb4e6d9b2c3428f5894f2e7dbdddb8c-1920x1300-jpg","21515_barbara-nanning-terra-5a-4.jpg","3"
"5Nnn2PqcEKG4dqRP9jCmhG","Barbara Nanning_Terra","Barbara Nanning","image-4818a3a7eeb4e6d9b2c3428f5894f2e7dbdddb8c-1920x1300-jpg","21515_barbara-nanning-terra-5a-4.jpg","3"
"drafts.5Nnn2PqcEKG4dqRP9jCmOg","Barbara Nanning_Terra","Barbara Nanning","image-4818a3a7eeb4e6d9b2c3428f5894f2e7dbdddb8c-1920x1300-jpg","21515_barbara-nanning-terra-5a-4.jpg","3"
"drafts.5Nnn2PqcEKG4dqRP9jCmXy","Barbara Nanning_Terra","Barbara Nanning","image-4818a3a7eeb4e6d9b2c3428f5894f2e7dbdddb8c-1920x1300-jpg","21515_barbara-nanning-terra-5a-4.jpg","3"
"5Nnn2PqcEKG4dqRP9jCmlu","Barbara Nanning_Transmutation","Barbara Nanning","image-00328befaaf72a9c8a743223a0d6607112f7ef9e-1920x1300-jpg","49025_barbara-nanning-studioglas-24-x-22-x-18-cm.jpg","2"
"5Nnn2PqcEKG4dqRP9jCmqY","Barbara Nanning_Transmutation","Barbara Nanning","image-00328befaaf72a9c8a743223a0d6607112f7ef9e-1920x1300-jpg","49025_barbara-nanning-studioglas-24-x-22-x-18-cm.jpg","2"
"hEWOpVV05Nk2Wkv6vKsAAP","Batho Gündra_Stairs","Batho Gündra","image-20a3d0af003483975fd55bada7d702d2a439f1d9-1920x1260-jpg","1185_batho-guendra-treppenkette-3.jpg","1"
"hEWOpVV05Nk2Wkv6vKs9xL","Batho Gündra_Sun and Moon","Batho Gündra","image-da0f4f8a63a0670e04ee8ba14d66457c28c720ee-1920x1300-jpg","62095_pura-ferreiro_sun-and-moon-ohrringe_kreise.jpg","3"
"hEWOpVV05Nk2Wkv6vKsAEl","Batho Gündra_Untitled","Batho Gündra","image-20a3d0af003483975fd55bada7d702d2a439f1d9-1920x1260-jpg","1185_batho-guendra-treppenkette-3.jpg","1"
"MnHq3gipaho0Iv07wmzfYl","Beate Eismann_Printed Matter","Beate Eismann","image-156c2fb7b80f9af932a7e8ffa200835626f41566-1920x1300-jpg","53451_beate-eismann_sculpture_wachstum_coda.jpg","2"
"MnHq3gipaho0Iv07wmzfdq","Beate Eismann_Printed Matter","Beate Eismann","image-156c2fb7b80f9af932a7e8ffa200835626f41566-1920x1300-jpg","53451_beate-eismann_sculpture_wachstum_coda.jpg","2"
"MnHq3gipaho0Iv07wmzfo0","Beate Eismann_Printed Matter","Beate Eismann","image-156c2fb7b80f9af932a7e8ffa200835626f41566-1920x1300-jpg","53451_beate-eismann_sculpture_wachstum_coda.jpg","2"
"hEWOpVV05Nk2Wkv6vKsCpt","Bernard Heesen_Bottle, 2012","Bernard Heesen","image-0a53b3ff98d893c8bf3b1ffc84571e094386adf8-2928x1920-jpg","22395_spiegel-2012-bernard-heesen-small-3.jpg","3"
"hEWOpVV05Nk2Wkv6vKsClX","Bernard Heesen_Cup, 2012","Bernard Heesen","image-0a53b3ff98d893c8bf3b1ffc84571e094386adf8-2928x1920-jpg","22395_spiegel-2012-bernard-heesen-small-3.jpg","3"
"hEWOpVV05Nk2Wkv6vKsArx","Bernard Heesen_Glass object","Bernard Heesen","image-04ffcaba335d57661c231d1c9e6a033588e95cc5-1260x1920-jpg","22075_bernard-heesen-46-x-13-cm-photo_-def-image.jpg","2"
"hEWOpVV05Nk2Wkv6vKsAwJ","Bernard Heesen_Glass object","Bernard Heesen","image-04ffcaba335d57661c231d1c9e6a033588e95cc5-1260x1920-jpg","22075_bernard-heesen-46-x-13-cm-photo_-def-image.jpg","2"
"hEWOpVV05Nk2Wkv6vKsB0f","Bernard Heesen_Kratervase, 2003","Bernard Heesen","image-04ffcaba335d57661c231d1c9e6a033588e95cc5-1260x1920-jpg","22075_bernard-heesen-46-x-13-cm-photo_-def-image.jpg","2"
"hEWOpVV05Nk2Wkv6vKsChB","Bernard Heesen_Vase, 1996","Bernard Heesen","image-2e93f2d0ffb7d20d0925d2869505438e5b8897dd-1920x1300-jpg","52506_bernard-heesen_flaschenvase_2016.jpg","3"
"hEWOpVV05Nk2Wkv6vKsB51","Bernard Heesen_Vase, 2000","Bernard Heesen","image-2e93f2d0ffb7d20d0925d2869505438e5b8897dd-1920x1300-jpg","52506_bernard-heesen_flaschenvase_2016.jpg","3"
"hEWOpVV05Nk2Wkv6vKsCcp","Bernard Heesen_Vase, 2000","Bernard Heesen","image-2e93f2d0ffb7d20d0925d2869505438e5b8897dd-1920x1300-jpg","52506_bernard-heesen_flaschenvase_2016.jpg","3"
"hEWOpVV05Nk2Wkv6vKs7Hr","Bettina Geistlich_Circulus","Bettina Geistlich","image-721e6f56d8d9c17fadf2e8d16f9cbd6ecd4a8256-1920x1260-jpg","1235_bettina-geistlich-ring-circulus-3.jpg","3"
"hEWOpVV05Nk2Wkv6vKs7DV","Bettina Geistlich_Trema","Bettina Geistlich","image-1527a7d6a9f336a339c13a56e9659569192fe0c1-1920x1260-jpg","1233_bettina-geistlich-armreif-trema-3.jpg","3"
"hEWOpVV05Nk2Wkv6vKs799","Bettina Geistlich_Velvel","Bettina Geistlich","image-0296c4e7dec70f4f7a6439cac7c94cafa184f7f2-1920x1260-jpg","1239_bettina-geistlich-ring-velvel-3.jpg","3"
"hEWOpVV05Nk2Wkv6vKs7MD","Bettina Geistlich_Vimina","Bettina Geistlich","image-4b6f63a19a429ea7de6b83b876ae5a50f8257685-1920x1260-jpg","1430_bettina-geistlich-ring-vimina-6-2.jpg","3"
"hEWOpVV05Nk2Wkv6vKs74n","Bettina Geistlich_Yedris","Bettina Geistlich","image-3d0fdfaddcd5b48fbd25e6a24b90f99735dbf7e7-1920x1260-jpg","1243_bettina-geistlich-ring-yedris-3.jpg","3"
"5Nnn2PqcEKG4dqRP9jBoSY","Carl Dau_Monochrom","Carl Dau","image-2563a51316099e86763975cb968b3133556a5640-1920x1260-jpg","1204_carl-dau-anhaenger-monochrom-6.jpg","3"
"5Nnn2PqcEKG4dqRP9jBqPK","Carl Dau_ar-oval 3","Carl Dau","image-8936ac4df740831ed5a781b9fadcc613e11ec27c-1920x1260-jpg","1206_carl-dau-armreif-ar-oval-4.jpg","3"
"MnHq3gipaho0Iv07wn0HKw","Christof Lungwitz_back-upp","Christof Lungwitz","image-0c17403a20735d3e2cdd7c74ce09f85951196ea3-868x1257-jpg","2584_christof-lungwitz-regal-back-up.jpg","3"
"hEWOpVV05Nk2Wkv6vKsJMt","Claudia Hoppe_spraypaint","Claudia Hoppe","image-677868164269e6bcb851ec63333c02296e574736-1920x1300-jpg","49354_claudia-hoppe_bangles-spraypaint_935-silver_lacquer_german-design-award-nominee-2017.jpg","3"
"hEWOpVV05Nk2Wkv6vKsJZx","Claudia Hoppe_the edge of chaos_1","Claudia Hoppe","image-6a6a53190387f044058d4922de10ef437cce80fb-1920x1300-jpg","49358_claudia-hoppe_installation_the-edge-of-chaos_1_wall_paper.jpg","5"
"hEWOpVV05Nk2Wkv6vKsDbn","Corinna Heller_Havanna","Corinna Heller","image-0e7a807e52bec17911dcf1a57d6d7b340b90f8f5-1920x1300-jpg","57398_corinna-heller_havanna_inhorgenta_award-2019_art-aurea.jpg","3"
"5Nnn2PqcEKG4dqRP9jCN4c","Deok Ho Kim_Vestige","Deok Ho Kim","image-2216d4bc6b0badf9e5da366a06335afbb0748e48-1920x1300-jpg","25039_deok-ho-kim-vestige_white-porcelain-marbling-wheel-throwing-1280-reduction-firing-polishing_2015_dia-26-8-x-h-13-5-cm.jpg","3"
"5Nnn2PqcEKG4dqRP9jCN9G","Deok Ho Kim_Vestige","Deok Ho Kim","image-2216d4bc6b0badf9e5da366a06335afbb0748e48-1920x1300-jpg","25039_deok-ho-kim-vestige_white-porcelain-marbling-wheel-throwing-1280-reduction-firing-polishing_2015_dia-26-8-x-h-13-5-cm.jpg","3"
"5Nnn2PqcEKG4dqRP9jCNDu","Deok Ho Kim_Vestige","Deok Ho Kim","image-2216d4bc6b0badf9e5da366a06335afbb0748e48-1920x1300-jpg","25039_deok-ho-kim-vestige_white-porcelain-marbling-wheel-throwing-1280-reduction-firing-polishing_2015_dia-26-8-x-h-13-5-cm.jpg","3"
"5Nnn2PqcEKG4dqRP9jCNIY","Deok Ho Kim_Vestige","Deok Ho Kim","image-2216d4bc6b0badf9e5da366a06335afbb0748e48-1920x1300-jpg","25039_deok-ho-kim-vestige_white-porcelain-marbling-wheel-throwing-1280-reduction-firing-polishing_2015_dia-26-8-x-h-13-5-cm.jpg","3"
"5Nnn2PqcEKG4dqRP9jCNNC","Deok Ho Kim_Vestige","Deok Ho Kim","image-2216d4bc6b0badf9e5da366a06335afbb0748e48-1920x1300-jpg","25039_deok-ho-kim-vestige_white-porcelain-marbling-wheel-throwing-1280-reduction-firing-polishing_2015_dia-26-8-x-h-13-5-cm.jpg","3"
"5Nnn2PqcEKG4dqRP9jCNRq","Deok Ho Kim_Vestige","Deok Ho Kim","image-2216d4bc6b0badf9e5da366a06335afbb0748e48-1920x1300-jpg","25039_deok-ho-kim-vestige_white-porcelain-marbling-wheel-throwing-1280-reduction-firing-polishing_2015_dia-26-8-x-h-13-5-cm.jpg","3"
"5Nnn2PqcEKG4dqRP9jCNWU","Deok Ho Kim_Vestige","Deok Ho Kim","image-2216d4bc6b0badf9e5da366a06335afbb0748e48-1920x1300-jpg","25039_deok-ho-kim-vestige_white-porcelain-marbling-wheel-throwing-1280-reduction-firing-polishing_2015_dia-26-8-x-h-13-5-cm.jpg","3"
"5Nnn2PqcEKG4dqRP9jCQIM","Dominique Labordery_Tsure","Dominique Labordery","image-a323c0e6ea8c0ed4b276302282185e920852b4a5-1920x1300-jpg","61402_margareta-daepp_archaeologie-der-zukunft_foto-dominique-uldry.jpg","1"
"5Nnn2PqcEKG4dqRP9jCOGw","Dong-Hyun Kim_Sharing","Dong-Hyun Kim","image-9fca0488bd8140781d1f410da436cfabae7e8372-1920x1260-jpg","2899_dong-hyun-kim-sharing.jpg","4"
"5Nnn2PqcEKG4dqRP9jCOLa","Dong-Hyun Kim_Watering IV","Dong-Hyun Kim","image-197cc4525ddb36dc4cb1aa49e1bb37de6e4d4668-1024x672-jpg","24641_dong-hyun-kimkanne-watering-i-silber-925-20-x-15-x-12-cm.jpg","4"
"MnHq3gipaho0Iv07wmzZPi","Dorothea Brill_Meter-weise Blume","Dorothea Brill","image-2418c8ceb094eb56ea5ab52cb921426b6c0ae236-1920x2220-jpg","53012_dorothea-brill_meter-weise_blume_schmuck_schmuckdesign_german-design-award-winner-2018.jpg","5"
"MnHq3gipaho0Iv07wmzYVp","Dorothea Brill_Meter-wise Blume","Dorothea Brill","image-2418c8ceb094eb56ea5ab52cb921426b6c0ae236-1920x2220-jpg","53012_dorothea-brill_meter-weise_blume_schmuck_schmuckdesign_german-design-award-winner-2018.jpg","4"
"5Nnn2PqcEKG4dqRP9jC1s2","Felicia Mülbaier_Talismane","Felicia Mülbaier","image-10c0b8c03c67f70add312ec5a9a6281d51344584-1920x1300-jpg","57161_felicia-muelbaier_fluegelschlag-brosche.jpg","1"
"5Nnn2PqcEKG4dqRP9jCjvO","Felix Mueller_Agent","Felix Mueller","image-0e47ea6188ff6fde45117ac5ac9d2a0626e9f97f-1300x1920-jpg","27131_felix-mueller-marcello.jpg","2"
"5Nnn2PqcEKG4dqRP9jCk02","Felix Mueller_Agent","Felix Mueller","image-0e47ea6188ff6fde45117ac5ac9d2a0626e9f97f-1300x1920-jpg","27131_felix-mueller-marcello.jpg","2"
"5Nnn2PqcEKG4dqRP9jCjqk","Felix Mueller_Gas lamp","Felix Mueller","image-3b1bba6e2fe4d98d0a35c312b5975a23001e38c7-1300x1920-jpg","13755_felix-muller-2-gaslampe.jpg","3"
"5Nnn2PqcEKG4dqRP9jCjco","Felix Mueller_Marcello","Felix Mueller","image-0e47ea6188ff6fde45117ac5ac9d2a0626e9f97f-1300x1920-jpg","27131_felix-mueller-marcello.jpg","3"
"hEWOpVV05Nk2Wkv6vKsXYZ","Felix Mueller_Sputnik","Felix Mueller","image-0e47ea6188ff6fde45117ac5ac9d2a0626e9f97f-1300x1920-jpg","27131_felix-mueller-marcello.jpg","2"
"hEWOpVV05Nk2Wkv6vKsXcv","Felix Mueller_Sputnik2","Felix Mueller","image-0e47ea6188ff6fde45117ac5ac9d2a0626e9f97f-1300x1920-jpg","27131_felix-mueller-marcello.jpg","2"
"hEWOpVV05Nk2Wkv6vKsXhH","Felix Mueller_Untitled","Felix Mueller","image-0e47ea6188ff6fde45117ac5ac9d2a0626e9f97f-1300x1920-jpg","27131_felix-mueller-marcello.jpg","2"
"hEWOpVV05Nk2Wkv6vKs1Jh","Fine Light_Cap","Fine Light","image-7097c0785772c9ae98d66955240482c0e1083ce5-1920x1300-jpg","26258_fine-light-03-cap.jpg","3"
"hEWOpVV05Nk2Wkv6vKs29x","Fine Light_Cylinder Magnet","Fine Light","image-0f0a97bb5b2d804a02d0692becb58f7aee5d4903-1920x1300-jpg","26266_fine-light-04-cylinder-magnet-bracelet.jpg","4"
"MnHq3gipaho0Iv07wmzhw6","Fine Light_Hair","Fine Light","image-6da891315b645c826b63f406b42ae9a4522bc142-1920x1300-jpg","26268_fine-light-05-hair-necklace.jpg","3"
"hEWOpVV05Nk2Wkv6vKs21F","Fine Light_Lead Fishing Necklace","Fine Light","image-046e95aaa596906ee960110be8741ed759eb5729-1920x1300-jpg","26278_fine-light-10-lead-fishing-necklace.jpg","5"
"hEWOpVV05Nk2Wkv6vKs1b7","Fine Light_Long Connected Bracelets","Fine Light","image-57af7d781b51531c80dacfc2dfc33efdb9571b6f-1920x1300-jpg","26270_fine-light-06-long-connected-bracelets.jpg","5"
"hEWOpVV05Nk2Wkv6vKs1wt","Fine Light_Ring","Fine Light","image-41b0078fa3097892c2696baa60258b83b3e255a2-1920x1300-jpg","26276_fine-light-09-fine-ring.jpg","3"
"hEWOpVV05Nk2Wkv6vKs1oB","Fine Light_Thick Loop, 3 mm laminated reflective material, silver crimp","Fine Light","image-070fa564dc89a106242ec807cfec59f18732179d-1920x1300-jpg","26274_fine-light-08-thick-loop.jpg","4"
"hEWOpVV05Nk2Wkv6vKs16d","Fine Light_Thin Cuffs","Fine Light","image-bc1b9d96508fa963fd52a1cf1f9cfcb5d1e1332d-1920x1300-jpg","26389_fine-light-03a-thin-cuffs-worn-night-2.jpg","4"
"hEWOpVV05Nk2Wkv6vKs1Az","Fine Light_Thin Cuffs","Fine Light","image-bc1b9d96508fa963fd52a1cf1f9cfcb5d1e1332d-1920x1300-jpg","26389_fine-light-03a-thin-cuffs-worn-night-2.jpg","4"
"hEWOpVV05Nk2Wkv6vKs1jp","Fine Light_Two Loop Bracelet, 0","Fine Light","image-09bd019b6c97329adcb282e9350a387d24bad880-1920x1300-jpg","26272_fine-light-07-two-loop.jpg","4"
"5Nnn2PqcEKG4dqRP9jBhUY","Friedemann Buehler_Untitled","Friedemann Buehler","image-31eadd4ab982e849b2f3080f2941427dc91befd7-1920x1260-jpg","1647_friedemann-buehler-vorschau.jpg","2"
"5Nnn2PqcEKG4dqRP9jBhwQ","Friedemann Buehler_Untitled","Friedemann Buehler","image-31eadd4ab982e849b2f3080f2941427dc91befd7-1920x1260-jpg","1647_friedemann-buehler-vorschau.jpg","2"
"5Nnn2PqcEKG4dqRP9jBhZC","Friedemann Buehler_Vessel","Friedemann Buehler","image-31eadd4ab982e849b2f3080f2941427dc91befd7-1920x1260-jpg","1647_friedemann-buehler-vorschau.jpg","2"
"5Nnn2PqcEKG4dqRP9jBhdq","Friedemann Buehler_Vessel WL/18, 2013","Friedemann Buehler","image-31eadd4ab982e849b2f3080f2941427dc91befd7-1920x1260-jpg","1647_friedemann-buehler-vorschau.jpg","2"
"MnHq3gipaho0Iv07wmzUuH","Friedrich Becker_Kinetic","Friedrich Becker","image-0967b78f31b8c7f4bcd2e4e86a8416aaf8e51bea-768x520-jpg","3317_friedrich-becker-kinetic-ring.jpg","3"
"MnHq3gipaho0Iv07wmzUzM","Friedrich Becker_brooch","Friedrich Becker","image-01e2c70f34c3aa38f7fb3d68597bdcc97202dd26-1920x1920-jpg","60085_deutsches-goldschmiedehaus-hanau_ausstellung_friedrich_becker_098_foto_michael_berger.jpg","2"
"hEWOpVV05Nk2Wkv6vKsV69","Gigi Mariani_Contact points","Gigi Mariani","image-38ce013ac0afc1df6fbce410f2f93b042a065ca9-1920x1300-jpg","18738_gigi-mariani-contact-points-bracelet-silver-18kt-yellow-gold-niello-patina.jpg","4"
"hEWOpVV05Nk2Wkv6vKsVWH","Gigi Mariani_Dance","Gigi Mariani","image-4e08f58156a006029fed5249e2b32c8b5a6afe1a-1920x1300-jpg","18742_gigi-mariani-dance-bracelet-silver18kt-yellowgoldniello-patina.jpg","3"
"hEWOpVV05Nk2Wkv6vKsUg1","Gigi Mariani_Labyrinth","Gigi Mariani","image-f728e2bed0b010fda254e81100ab89c1a251f666-1920x1300-jpg","50805_gigi-mariani_labyrinth-brooch-silver-pure-gold-niello-patina.jpg","3"
"hEWOpVV05Nk2Wkv6vKsUkN","Gigi Mariani_Painting series #1","Gigi Mariani","image-51142b069e92365e4f96c318d56478bbd56b3ae2-1920x1300-jpg","50807_gigi-mariani_painting-series-1-ring-silver-18kt-yellow-gold-niello-patina.jpg","4"
"hEWOpVV05Nk2Wkv6vKsUoj","Gigi Mariani_Painting series #4","Gigi Mariani","image-51142b069e92365e4f96c318d56478bbd56b3ae2-1920x1300-jpg","50807_gigi-mariani_painting-series-1-ring-silver-18kt-yellow-gold-niello-patina.jpg","4"
"hEWOpVV05Nk2Wkv6vKsUt5","Gigi Mariani_Painting series #7","Gigi Mariani","image-51142b069e92365e4f96c318d56478bbd56b3ae2-1920x1300-jpg","50807_gigi-mariani_painting-series-1-ring-silver-18kt-yellow-gold-niello-patina.jpg","4"
"hEWOpVV05Nk2Wkv6vKsVRv","Gigi Mariani_Variations","Gigi Mariani","image-6801fc9a58b62cf5caf978b2524a8f4e11917f3f-1920x1301-jpg","18764_gigi-mariani-variations-necklace-silver-18kt-yellow-gold-niello-patina.jpg","3"
"5Nnn2PqcEKG4dqRP9jCzMI","Gottfried Palatin_Gottfried Palatin, Ceramic Art","Gottfried Palatin","image-07c5669416d109f64246d834bfe7161966d45cb2-1920x1920-jpg","58860_heidi-kippenberg_ceramics_brutto-gusto_art-aurea.jpg","2"
"5Nnn2PqcEKG4dqRP9jCzD0","Gottfried Palatin_Nr. 16","Gottfried Palatin","image-1cd8d5da74865bddae9dd6aff4191e74b13bd24a-1920x1300-jpg","55551_gottfried-pallatin_keramikkunst_4.jpg","1"
"5Nnn2PqcEKG4dqRP9jCz3i","Gottfried Palatin_Nr. 2","Gottfried Palatin","image-1cd8d5da74865bddae9dd6aff4191e74b13bd24a-1920x1300-jpg","55551_gottfried-pallatin_keramikkunst_4.jpg","1"
"5Nnn2PqcEKG4dqRP9jCz8M","Gottfried Palatin_Nr. 21","Gottfried Palatin","image-1cd8d5da74865bddae9dd6aff4191e74b13bd24a-1920x1300-jpg","55551_gottfried-pallatin_keramikkunst_4.jpg","1"
"5Nnn2PqcEKG4dqRP9jCzQw","Gottfried Palatin_Nr. 30","Gottfried Palatin","image-1cd8d5da74865bddae9dd6aff4191e74b13bd24a-1920x1300-jpg","55551_gottfried-pallatin_keramikkunst_4.jpg","1"
"hEWOpVV05Nk2Wkv6vKsaeB","Gottfried Palatin_Nr. 36","Gottfried Palatin","image-1cd8d5da74865bddae9dd6aff4191e74b13bd24a-1920x1300-jpg","55551_gottfried-pallatin_keramikkunst_4.jpg","1"
"5Nnn2PqcEKG4dqRP9jCzHe","Gottfried Palatin_Nr. 8","Gottfried Palatin","image-1cd8d5da74865bddae9dd6aff4191e74b13bd24a-1920x1300-jpg","55551_gottfried-pallatin_keramikkunst_4.jpg","1"
"5Nnn2PqcEKG4dqRP9jCyz4","Gottfried Palatin_Nr. 9","Gottfried Palatin","image-1cd8d5da74865bddae9dd6aff4191e74b13bd24a-1920x1300-jpg","55551_gottfried-pallatin_keramikkunst_4.jpg","1"
"MnHq3gipaho0Iv07wmzcRh","Hans Coper_Early and large globular pot, 1953","Hans Coper","image-13b3ac8b051eb7c540e975edca2509f0d8c33e95-1920x1300-jpg","54311_hans-coper_sammlung-resi-und-heinz-doehmen.jpg","2"
"5Nnn2PqcEKG4dqRP9jCwDC","Heide Nonnenmacher_under the sea","Heide Nonnenmacher","image-264417bed835790c95e8111ec839e1bfe2745e32-1920x1300-jpg","53119_heide-nonnenmacher_under-the-sea_keramik_-2.jpg","5"
"MnHq3gipaho0Iv07wmzpnq","Henrich & Denzel_Arco","Henrich & Denzel","image-46d567658f6623af61030d4f167123693918ca45-1300x1920-jpg","25420_henrich-und-denzel-ringe-arco-platin-950-brillanten.jpg","3"
"MnHq3gipaho0Iv07wmzp9C","Henrich & Denzel_Calyx","Henrich & Denzel","image-0f083a83ced8248ede429323addf71539ab2816f-1920x1301-jpg","25458_henrich-und-denzel-halsschmuck-calyx-platin-950-brillanten-2.jpg","3"
"MnHq3gipaho0Iv07wmzpsv","Henrich & Denzel_Colare","Henrich & Denzel","image-72d11a7ed27424bcaea4ca2e8f1b332f7608781c-1920x1300-jpg","25454_henrich-und-denzel-armreif-und-ring-colare-platin-950-brillanten.jpg","3"
"MnHq3gipaho0Iv07wmzq35","Henrich & Denzel_Favorita","Henrich & Denzel","image-9141447343de542b65a3d15a16eed030cbd6597f-1300x1920-jpg","25444_henrich-und-denzel-ring-favorita-platin-950-brillanten-2.jpg","3"
"MnHq3gipaho0Iv07wmzpJM","Henrich & Denzel_Janus","Henrich & Denzel","image-91098e01ac95c17029c9f395f66719c5bb8949ab-1920x1301-jpg","25452_henrich-und-denzel-armreif-janus-platin-950-brillanten-2.jpg","3"
"MnHq3gipaho0Iv07wmzpOR","Henrich & Denzel_Meridiano","Henrich & Denzel","image-09eefc4a7b7b232ccc567e3a36e342496ad77e8f-1920x1300-jpg","25456_henrich-und-denzel-armreif-und-ring-meridiano-platin-950-brillanten.jpg","3"
"MnHq3gipaho0Iv07wmzpEH","Henrich & Denzel_Purest","Henrich & Denzel","image-dbf0e3f5d467bfdabeb2cea4655aa744bf595b1d-1920x1300-jpg","25462_henrich-und-denzel-ringe-purest-platin-999-brillanten.jpg","3"
"MnHq3gipaho0Iv07wmzpTW","Henrich & Denzel_Tenda","Henrich & Denzel","image-648e21ae4fb499805f3e7ad5eb2d513c9d0de8ab-1300x1920-jpg","25436_henrich-und-denzel-ring-tenda-platin-950-brillanten-3.jpg","3"
"MnHq3gipaho0Iv07wmzpYb","Henrich & Denzel_Tenda","Henrich & Denzel","image-648e21ae4fb499805f3e7ad5eb2d513c9d0de8ab-1300x1920-jpg","25436_henrich-und-denzel-ring-tenda-platin-950-brillanten-3.jpg","3"
"MnHq3gipaho0Iv07wmzpy0","Henrich & Denzel_Torsione","Henrich & Denzel","image-6f1a228d05512f8b204ac00eb901d420ce905cb9-1920x1300-jpg","25466_henrich-und-denzel-ringe-torsione-platin-950-brillanten.jpg","3"
"MnHq3gipaho0Iv07wmzotx","Henrich & Denzel_Turno","Henrich & Denzel","image-8ddb361af476c075e5fba5e36768259fa93c93e5-1920x1300-jpg","25442_henrich-und-denzel-anha-cc-88nger-turno-platin-950-brillanten-3-2.jpg","3"
"MnHq3gipaho0Iv07wmzoz2","Henrich & Denzel_Turno","Henrich & Denzel","image-8ddb361af476c075e5fba5e36768259fa93c93e5-1920x1300-jpg","25442_henrich-und-denzel-anha-cc-88nger-turno-platin-950-brillanten-3-2.jpg","3"
"5Nnn2PqcEKG4dqRP9jCULC","In Hwa Lee_Green Cylinder","In Hwa Lee","image-1649aab5f5db4486e4e9d21d46c547bba4fddfc8-1920x1260-jpg","19016_in-hwa-lee_shadowed-color-cylinder_19x11-5cm_white-porcelain-wheel-throwing-1280c-oxidation-firing-polishing_2014.jpg","3"
"5Nnn2PqcEKG4dqRP9jCUGY","In Hwa Lee_Light of Dot","In Hwa Lee","image-7492a947eb3eab735d90b9e0cfb7f50cf27d5f32-1920x1260-jpg","19010_in-hwa-lee_light-of-dot-series_white-porcelain-opaque-clay-wheel-throwing-1280-degrees-reduction-firing-polishing_7-5x10-5-each_2013.jpg","4"
"5Nnn2PqcEKG4dqRP9jCTak","In Hwa Lee_Light of Dot Cylinder","In Hwa Lee","image-7492a947eb3eab735d90b9e0cfb7f50cf27d5f32-1920x1260-jpg","19010_in-hwa-lee_light-of-dot-series_white-porcelain-opaque-clay-wheel-throwing-1280-degrees-reduction-firing-polishing_7-5x10-5-each_2013.jpg","4"
"5Nnn2PqcEKG4dqRP9jCTMo","In Hwa Lee_Shadowed Color Cup","In Hwa Lee","image-4cb798eeefa3f7dc42647e422658863c7a0b57b5-1920x1260-jpg","19018_in-hwa-lee_shadowed-color-mini-cup_various-sizes_white-porcelain-wheel-throwing-1280c-oxidation-firing-polishing_2013.jpg","5"
"5Nnn2PqcEKG4dqRP9jCTRS","In Hwa Lee_Shadowed Color Cup","In Hwa Lee","image-4cb798eeefa3f7dc42647e422658863c7a0b57b5-1920x1260-jpg","19018_in-hwa-lee_shadowed-color-mini-cup_various-sizes_white-porcelain-wheel-throwing-1280c-oxidation-firing-polishing_2013.jpg","5"
"5Nnn2PqcEKG4dqRP9jCTW6","In Hwa Lee_Shadowed Color Cup","In Hwa Lee","image-4cb798eeefa3f7dc42647e422658863c7a0b57b5-1920x1260-jpg","19018_in-hwa-lee_shadowed-color-mini-cup_various-sizes_white-porcelain-wheel-throwing-1280c-oxidation-firing-polishing_2013.jpg","5"
"5Nnn2PqcEKG4dqRP9jCU7G","In Hwa Lee_Shadowed Color Cup","In Hwa Lee","image-4cb798eeefa3f7dc42647e422658863c7a0b57b5-1920x1260-jpg","19018_in-hwa-lee_shadowed-color-mini-cup_various-sizes_white-porcelain-wheel-throwing-1280c-oxidation-firing-polishing_2013.jpg","5"
"5Nnn2PqcEKG4dqRP9jCTxy","In Hwa Lee_Shadowed Color Cylinder","In Hwa Lee","image-1649aab5f5db4486e4e9d21d46c547bba4fddfc8-1920x1260-jpg","19016_in-hwa-lee_shadowed-color-cylinder_19x11-5cm_white-porcelain-wheel-throwing-1280c-oxidation-firing-polishing_2014.jpg","5"
"5Nnn2PqcEKG4dqRP9jCU2c","In Hwa Lee_Shadowed Color Cylinder","In Hwa Lee","image-1649aab5f5db4486e4e9d21d46c547bba4fddfc8-1920x1260-jpg","19016_in-hwa-lee_shadowed-color-cylinder_19x11-5cm_white-porcelain-wheel-throwing-1280c-oxidation-firing-polishing_2014.jpg","5"
"5Nnn2PqcEKG4dqRP9jCTk2","In Hwa Lee_Shadowed Color Red Cylinder","In Hwa Lee","image-1649aab5f5db4486e4e9d21d46c547bba4fddfc8-1920x1260-jpg","19016_in-hwa-lee_shadowed-color-cylinder_19x11-5cm_white-porcelain-wheel-throwing-1280c-oxidation-firing-polishing_2014.jpg","5"
"5Nnn2PqcEKG4dqRP9jCTfO","In Hwa Lee_Shadowed Color Yellow Cylinder","In Hwa Lee","image-4a28afbda6f28b4abc0d383320eb4f8503a5f5fd-1920x1260-jpg","19024_in-hwa-lee_shadowed-color-yellow-cylinder-14-5xh-9-3-2.jpg","6"
"5Nnn2PqcEKG4dqRP9jCTIA","In Hwa Lee_Shadowed White Cylinder set","In Hwa Lee","image-1649aab5f5db4486e4e9d21d46c547bba4fddfc8-1920x1260-jpg","19016_in-hwa-lee_shadowed-color-cylinder_19x11-5cm_white-porcelain-wheel-throwing-1280c-oxidation-firing-polishing_2014.jpg","5"
"5Nnn2PqcEKG4dqRP9jCceo","Iris Merkle_Cordis #1","Iris Merkle","image-02a969a55e1bafc71b54e45194e9869dca48eb09-1920x1260-jpg","7773_iris-merkle-blaetter-01.jpg","2"
"5Nnn2PqcEKG4dqRP9jCcjS","Iris Merkle_Cordis #4","Iris Merkle","image-02a969a55e1bafc71b54e45194e9869dca48eb09-1920x1260-jpg","7773_iris-merkle-blaetter-01.jpg","2"
"5Nnn2PqcEKG4dqRP9jCco6","Iris Merkle_Falter #1","Iris Merkle","image-10b839af41be16d2201667efd0c4a09daff7bdb4-1920x1260-jpg","7775_iris-merkle-falter-3.jpg","3"
"5Nnn2PqcEKG4dqRP9jCcsk","Iris Merkle_Falter #2","Iris Merkle","image-10b839af41be16d2201667efd0c4a09daff7bdb4-1920x1260-jpg","7775_iris-merkle-falter-3.jpg","3"
"MnHq3gipaho0Iv07wn00D5","Isezaki Jun_Kakki","Isezaki Jun","image-038b8881dc8b8b0db11d8d27a9522ad327e9aecf-1920x1260-jpg","2382_isezaki-jun-kakki-gefaesse-3.jpg","3"
"5Nnn2PqcEKG4dqRP9jCUUU","Jeong Won Lee_Line for Ellipse","Jeong Won Lee","image-6517030e8001abb59c08e1960e2f62c14b056e24-1920x1300-jpg","13796_jeong-won-lee-line-for-ellipse-glazed_white-porcelain-slipcasting-transparent-glaze-1280-degrees-reduction-firing-polishing_26-5x13x14-cm-19x8x18-cm_2013.jpg","6"
"MnHq3gipaho0Iv07wn07G1","Jeong Won Lee_T1 Series Green","Jeong Won Lee","image-3c25d0a389246e189c7933b7b2f16dec78d25c90-1920x1301-jpg","13788_jeong-won-lee-cup-series_white-porcelain-wheel-throwing-transparent-glaze-matt-glaze-1280-degrees-reduction-firing_2013.jpg","4"
"5Nnn2PqcEKG4dqRP9jCySY","Johanna Otto_Pirouette","Johanna Otto","image-55846e22153755cc26ab3e395b08a97ec6486ef3-1920x1300-jpg","45914_johanna-otto-pirouette_oh_variante_01.jpg","3"
"5Nnn2PqcEKG4dqRP9jClis","Johannes Nagel_Untitled","Johannes Nagel","image-0c90354c9528ed7ae42fae18437984dcfd8bf8f6-1920x1300-jpg","55826_westerwaldpreis_1-preis-freie-keramik_johannes-nagel.jpg","2"
"5Nnn2PqcEKG4dqRP9jClnW","Johannes Nagel_Untitled","Johannes Nagel","image-0c90354c9528ed7ae42fae18437984dcfd8bf8f6-1920x1300-jpg","55826_westerwaldpreis_1-preis-freie-keramik_johannes-nagel.jpg","2"
"MnHq3gipaho0Iv07wn0ZRl","Johannes Nagel_Untitled","Johannes Nagel","image-0c90354c9528ed7ae42fae18437984dcfd8bf8f6-1920x1300-jpg","55826_westerwaldpreis_1-preis-freie-keramik_johannes-nagel.jpg","2"
"hEWOpVV05Nk2Wkv6vKsb8f","Joo Hyung Park_Concealed.","Joo Hyung Park","image-40ca5696c784363be225590baa2912b3c3455bdc-1920x1300-jpg","49403_joo-hyung-park-art-aurea-awards-2016-2.jpg","3"
"hEWOpVV05Nk2Wkv6vKsbHN","Joo Hyung Park_Merging.","Joo Hyung Park","image-40ca5696c784363be225590baa2912b3c3455bdc-1920x1300-jpg","49403_joo-hyung-park-art-aurea-awards-2016-2.jpg","3"
"hEWOpVV05Nk2Wkv6vKsbLj","Joo Hyung Park_Merging.","Joo Hyung Park","image-40ca5696c784363be225590baa2912b3c3455bdc-1920x1300-jpg","49403_joo-hyung-park-art-aurea-awards-2016-2.jpg","3"
"hEWOpVV05Nk2Wkv6vKsbUR","Joo Hyung Park_The moment of pleasure","Joo Hyung Park","image-40ca5696c784363be225590baa2912b3c3455bdc-1920x1300-jpg","49403_joo-hyung-park-art-aurea-awards-2016-2.jpg","3"
"hEWOpVV05Nk2Wkv6vKsaiX","Joo Hyung Park_The moment of pleasure.","Joo Hyung Park","image-40ca5696c784363be225590baa2912b3c3455bdc-1920x1300-jpg","49403_joo-hyung-park-art-aurea-awards-2016-2.jpg","3"
"hEWOpVV05Nk2Wkv6vKsamt","Joo Hyung Park_The moment of pleasure.","Joo Hyung Park","image-40ca5696c784363be225590baa2912b3c3455bdc-1920x1300-jpg","49403_joo-hyung-park-art-aurea-awards-2016-2.jpg","3"
"hEWOpVV05Nk2Wkv6vKsarF","Joo Hyung Park_The moment of pleasure.","Joo Hyung Park","image-40ca5696c784363be225590baa2912b3c3455bdc-1920x1300-jpg","49403_joo-hyung-park-art-aurea-awards-2016-2.jpg","3"
"hEWOpVV05Nk2Wkv6vKsavb","Joo Hyung Park_The moment of pleasure.","Joo Hyung Park","image-40ca5696c784363be225590baa2912b3c3455bdc-1920x1300-jpg","49403_joo-hyung-park-art-aurea-awards-2016-2.jpg","3"
"hEWOpVV05Nk2Wkv6vKsazx","Joo Hyung Park_The moment of pleasure.","Joo Hyung Park","image-40ca5696c784363be225590baa2912b3c3455bdc-1920x1300-jpg","49403_joo-hyung-park-art-aurea-awards-2016-2.jpg","3"
"hEWOpVV05Nk2Wkv6vKsb4J","Joo Hyung Park_The moment of pleasure.","Joo Hyung Park","image-40ca5696c784363be225590baa2912b3c3455bdc-1920x1300-jpg","49403_joo-hyung-park-art-aurea-awards-2016-2.jpg","3"
"hEWOpVV05Nk2Wkv6vKsbQ5","Joo Hyung Park_The moment of pleasure.","Joo Hyung Park","image-40ca5696c784363be225590baa2912b3c3455bdc-1920x1300-jpg","49403_joo-hyung-park-art-aurea-awards-2016-2.jpg","3"
"hEWOpVV05Nk2Wkv6vKsbYn","Joo Hyung Park_The moment of pleasure.","Joo Hyung Park","image-40ca5696c784363be225590baa2912b3c3455bdc-1920x1300-jpg","49403_joo-hyung-park-art-aurea-awards-2016-2.jpg","3"
"hEWOpVV05Nk2Wkv6vKsbd9","Joo Hyung Park_The moment of pleasure.","Joo Hyung Park","image-40ca5696c784363be225590baa2912b3c3455bdc-1920x1300-jpg","49403_joo-hyung-park-art-aurea-awards-2016-2.jpg","3"
"hEWOpVV05Nk2Wkv6vKsbhV","Joo Hyung Park_The moment of pleasure.","Joo Hyung Park","image-40ca5696c784363be225590baa2912b3c3455bdc-1920x1300-jpg","49403_joo-hyung-park-art-aurea-awards-2016-2.jpg","3"
"hEWOpVV05Nk2Wkv6vKsbD1","Joo Hyung Park_Untitled","Joo Hyung Park","image-40ca5696c784363be225590baa2912b3c3455bdc-1920x1300-jpg","49403_joo-hyung-park-art-aurea-awards-2016-2.jpg","3"
"MnHq3gipaho0Iv07wn0EiM","Josephine Lützel_Basalta","Josephine Lützel","image-9e079fccaf942d45f2e9c9e9a9fd8ad705849c32-853x1260-jpg","8849_josephine-lutzel-vase_basalta-2.jpg","3"
"MnHq3gipaho0Iv07wn0EnR","Josephine Lützel_Basalta 1–3","Josephine Lützel","image-9e079fccaf942d45f2e9c9e9a9fd8ad705849c32-853x1260-jpg","8849_josephine-lutzel-vase_basalta-2.jpg","3"
"MnHq3gipaho0Iv07wn0EsW","Josephine Lützel_Candleholder, 2014","Josephine Lützel","image-3376cd78d01130d01c80fc4b380524546ebe6a40-1260x1861-jpg","8860_josephine-lutzel-karaffe_pinguin.jpg","2"
"MnHq3gipaho0Iv07wn0FCq","Josephine Lützel_Pinguin","Josephine Lützel","image-3376cd78d01130d01c80fc4b380524546ebe6a40-1260x1861-jpg","8860_josephine-lutzel-karaffe_pinguin.jpg","3"
"MnHq3gipaho0Iv07wn0Exb","Josephine Lützel_Sphere pot, 2012","Josephine Lützel","image-3376cd78d01130d01c80fc4b380524546ebe6a40-1260x1861-jpg","8860_josephine-lutzel-karaffe_pinguin.jpg","2"
"MnHq3gipaho0Iv07wn0F2g","Josephine Lützel_Wind und Wetter","Josephine Lützel","image-eb7e29a83505d3c27e34b70898ca3e437f058a05-1260x852-jpg","8856_josephine-lutzel-dose-windundwetter.jpg","5"
"MnHq3gipaho0Iv07wn0F7l","Josephine Lützel_Wirbel","Josephine Lützel","image-e61692b60d0e0d0827dcc9ba5232b31350703078-1260x853-jpg","8858_josephine-lutzel-dose-wirbel.jpg","3"
"hEWOpVV05Nk2Wkv6vKsMbD","Kap Sun Hwang_Untitled","Kap Sun Hwang","image-f45747a9c01cdac5764a79fda10e0c5c01256124-1920x1300-jpg","53545_kap-sun-hwang_diessener-toepfermarkt.jpg","3"
"hEWOpVV05Nk2Wkv6vKsMSV","Kap Sun Hwang_Vessel","Kap Sun Hwang","image-f45747a9c01cdac5764a79fda10e0c5c01256124-1920x1300-jpg","53545_kap-sun-hwang_diessener-toepfermarkt.jpg","3"
"hEWOpVV05Nk2Wkv6vKsMWr","Kap Sun Hwang_Vessel","Kap Sun Hwang","image-f45747a9c01cdac5764a79fda10e0c5c01256124-1920x1300-jpg","53545_kap-sun-hwang_diessener-toepfermarkt.jpg","3"
"5Nnn2PqcEKG4dqRP9jCt8k","Kay Eppi Nölke_Grasring Nr. 210","Kay Eppi Nölke","image-5f77bc85df2c61b9fcc0a03c5fe28294903d40a3-1920x1260-jpg","5086_kay-eppi-noelke-grasringe-trauringe.jpg","3"
"MnHq3gipaho0Iv07wmzsaa","Koichi Io_Whirl vessel XII","Koichi Io","image-6bf07cbc482194ddd94311874a3f051bfad04a20-997x1260-jpg","8391_koichi-io-whirl-vessel-xii-2.jpg","4"
"MnHq3gipaho0Iv07wmzsff","Koichi Io_Whirl vessel XII","Koichi Io","image-6bf07cbc482194ddd94311874a3f051bfad04a20-997x1260-jpg","8391_koichi-io-whirl-vessel-xii-2.jpg","4"
"MnHq3gipaho0Iv07wmzskk","Koichi Io_Whirl vessel XII","Koichi Io","image-6bf07cbc482194ddd94311874a3f051bfad04a20-997x1260-jpg","8391_koichi-io-whirl-vessel-xii-2.jpg","4"
"5Nnn2PqcEKG4dqRP9jCHgA","Kristiina Karinen_TILIA","Kristiina Karinen","image-77fe784867baeccd6ee87484cced5933964eeb6c-1920x1300-jpg","55901_kristiina-karinen-tilia-2018-jacke_foto-ingo-misiak-photo-professional-2.jpg","3"
"5Nnn2PqcEKG4dqRP9jCHko","Kristiina Karinen_TILIA","Kristiina Karinen","image-77fe784867baeccd6ee87484cced5933964eeb6c-1920x1300-jpg","55901_kristiina-karinen-tilia-2018-jacke_foto-ingo-misiak-photo-professional-2.jpg","3"
"hEWOpVV05Nk2Wkv6vKsFe5","Leen Heyne_Fold","Leen Heyne","image-003b4d3e03c24e120a71c380f1434f7f54e4634f-1920x1260-jpg","1744_leen-heyne-ringe-wind.jpg","2"
"5Nnn2PqcEKG4dqRP9jCQfa","Lut Laleman_Can-delight","Lut Laleman","image-032b01d3b9764dd08bd968bc94392fa13a849b30-1920x1300-jpg","53682_galerie-handwerk_muenchen_lut-laleman.jpg","2"
"MnHq3gipaho0Iv07wn0LW3","Manu Schmuck_R1415PE","Manu Schmuck","image-02191f0779f872d3dc0144f50e8b54e56485d04a-1920x1300-jpg","27425_manu-schmuck-r1001-1.jpg","2"
"5Nnn2PqcEKG4dqRP9jBr9m","Martina Dempf_Cornucopia","Martina Dempf","image-01cd056c89ae8b99b375e3883a4a4f760aa1c12b-1920x1300-jpg","27271_pas-de-deux-martina-dempf-danni-schwaag.jpg","2"
"5Nnn2PqcEKG4dqRP9jBtP8","Martina Dempf_FingerFinger1-3","Martina Dempf","image-01cd056c89ae8b99b375e3883a4a4f760aa1c12b-1920x1300-jpg","27271_pas-de-deux-martina-dempf-danni-schwaag.jpg","2"
"5Nnn2PqcEKG4dqRP9jBtYQ","Martina Dempf_Homs","Martina Dempf","image-e1da156412f662da17e4d904a57113c543707d64-1920x1300-jpg","51754_martina-dempf_anhaenger-homs.jpg","3"
"5Nnn2PqcEKG4dqRP9jBtTm","Martina Dempf_Snowdon","Martina Dempf","image-01cd056c89ae8b99b375e3883a4a4f760aa1c12b-1920x1300-jpg","27271_pas-de-deux-martina-dempf-danni-schwaag.jpg","2"
"5Nnn2PqcEKG4dqRP9jBqrC","Martina Dempf_Twister 3","Martina Dempf","image-5b61271fdc11ca6d29dec96d38d5aa62658305ac-1920x1300-jpg","62363_martina-dempf_twister3_fotomartin-beckett-jpg.jpg","3"
"5Nnn2PqcEKG4dqRP9jBqvq","Martina Dempf_Twister 4","Martina Dempf","image-5b61271fdc11ca6d29dec96d38d5aa62658305ac-1920x1300-jpg","62363_martina-dempf_twister3_fotomartin-beckett-jpg.jpg","3"
"5Nnn2PqcEKG4dqRP9jCZsw","Morten Lobner Espersen_MLE","Morten Lobner Espersen","image-4b605a04a5904a181c18e0f27ea43716804f32cc-1260x1920-jpg","21893_morten-lobner-espersen-o-t-2012-24-x31-cm.jpg","3"
"5Nnn2PqcEKG4dqRP9jCa2E","Morten Lobner Espersen_MLE","Morten Lobner Espersen","image-4b605a04a5904a181c18e0f27ea43716804f32cc-1260x1920-jpg","21893_morten-lobner-espersen-o-t-2012-24-x31-cm.jpg","3"
"5Nnn2PqcEKG4dqRP9jCaKo","Morten Lobner Espersen_Mushroom","Morten Lobner Espersen","image-4b605a04a5904a181c18e0f27ea43716804f32cc-1260x1920-jpg","21893_morten-lobner-espersen-o-t-2012-24-x31-cm.jpg","3"
"MnHq3gipaho0Iv07wn0g0D","Niessing Wedding Rings_Ni Tecum","Niessing Wedding Rings","image-452b779241a041c6c5ca4cacf8d5cdae2b46ef12-1920x1260-jpg","2971_niessing-trauring-tecum-vorschau.jpg","2"
"MnHq3gipaho0Iv07wn0g5I","Niessing Wedding Rings_Performance","Niessing Wedding Rings","image-8e14ce40c9f91938479aea4bc16b06a8b40d9d31-1920x1301-jpg","46548_niessing-trauring-performance-bearbeitet.jpg","2"
"MnHq3gipaho0Iv07wn0gFS","Niessing Wedding Rings_Tecum","Niessing Wedding Rings","image-452b779241a041c6c5ca4cacf8d5cdae2b46ef12-1920x1260-jpg","2971_niessing-trauring-tecum-vorschau.jpg","2"
"hEWOpVV05Nk2Wkv6vKrvhJ","Patrizia Bonati_Wild","Patrizia Bonati","image-01a43e49446e94d8344094411ea7e770984cddf5-1920x1300-jpg","53088_patrizia-bonati_necklace_earring_jewelry.jpg","2"
"MnHq3gipaho0Iv07wn0Awe","Ria Lins_Eau bénité","Ria Lins","image-022f410f8ffbbd8792bf43bccac08a3065a78c4a-1920x1300-jpg","48849_ria-lins-jewelry160225-020.jpg","2"
"MnHq3gipaho0Iv07wn0ASA","Ria Lins_I will carry you","Ria Lins","image-19da4dd7e1df6a955f84c0090be414674d156d15-1300x1920-jpg","22798_i-will-carry-you-3.jpg","3"
"5Nnn2PqcEKG4dqRP9jCXUI","Ria Lins_Rock me Baby","Ria Lins","image-1751bc8d61d51a86fe4cb387418c39696f342bd0-1920x1300-jpg","54705_ria-lins_schmuckkunst_rock-me-baby_meander.jpg","4"
"MnHq3gipaho0Iv07wn0VQo","Ritsue Mishima_Jomon Coppa","Ritsue Mishima","image-08d4b247587d818df15d5db5b4b07cd0d4dab07e-1920x2521-jpg","49287_ritsue-mishima-interview-venice-studio-photo-oliver-haas-02-2.jpg","2"
"5Nnn2PqcEKG4dqRP9jCiZm","Ritsue Mishima_Lava","Ritsue Mishima","image-08d4b247587d818df15d5db5b4b07cd0d4dab07e-1920x2521-jpg","49287_ritsue-mishima-interview-venice-studio-photo-oliver-haas-02-2.jpg","2"
"MnHq3gipaho0Iv07wn0VVt","Ritsue Mishima_Titano","Ritsue Mishima","image-2a522d176971536b7dbc17db61c0f8885197377d-1300x1920-jpg","49267_ritsue-mishima-interview-titano-2015.jpg","3"
"MnHq3gipaho0Iv07wn0Vl8","Ritsue Mishima_Tre Occhi","Ritsue Mishima","image-4a48691e4db90dfcc4ad878833475ccec07cf6f4-1300x1920-jpg","49269_ritsue-mishima-interview-tre-luci-2016.jpg","3"
"5Nnn2PqcEKG4dqRP9jCZaM","Sabine Lintzen_Banda","Sabine Lintzen","image-0169b66a65c24635133ee52af065fda5373b34ba-1300x1816-jpg","57940_15_sabine_lintzen_bandabright_art-aurea.jpg","3"
"MnHq3gipaho0Iv07wn0B6o","Sabine Lintzen_Bright Field Brilliant Gold","Sabine Lintzen","image-1be9c0f7baa3e06e80883b97c8ae411678691925-1024x693-jpg","57904_02_sabine_lintzen_brightfield_gold_art-aurea.jpg","5"
"MnHq3gipaho0Iv07wn0BR8","Sabine Lintzen_Bright Field Caramel","Sabine Lintzen","image-1be9c0f7baa3e06e80883b97c8ae411678691925-1024x693-jpg","57904_02_sabine_lintzen_brightfield_gold_art-aurea.jpg","4"