Creator,Creator ID,Creator in Sanity,Title,Year,Image URL,Filename,Caption
"Atelier von Ehren","c5d5d79c-2f80-4925-8de0-e53fde6553b7","Yes","Vasen und Gefäße. Ausstellung im Kunsthaus Weiz, 2022, Österreich.","2022","https://artaurea.de/wp-content/uploads/2025/08/Atelier-von-Ehren_Vasen-und-Gefaesse-Ausstellung-Kunsthaus-Weiz-2022.jpg","Atelier-von-Ehren_Vasen-und-Gefaesse-Ausstellung-Kunsthaus-Weiz-2022.jpg","Vasen und Gefäße. Ausstellung im Kunsthaus Weiz, 2022, Österreich."
"Atelier von Ehren","c5d5d79c-2f80-4925-8de0-e53fde6553b7","Yes","The Circle turns Vase aus der Serie Round & Round, 2024. Steinzeug, glasiert, rosé,","2024","https://artaurea.de/wp-content/uploads/2025/08/Atelier-von-Ehren_Pink-on-grey-Round-and-Round-Atelier-von-Ehren-24.jpg","Atelier-von-Ehren_Pink-on-grey-Round-and-Round-Atelier-von-Ehren-24.jpg","The Circle turns Vase aus der Serie Round & Round, 2024. Steinzeug, glasiert, rosé, 10 x 10 x 26 cm."
"Atelier von Ehren","c5d5d79c-2f80-4925-8de0-e53fde6553b7","Yes","Soft Refrain, Vase aus der Serie Round & Round, 2024. Steinzeug, glasiert, gelb auf grau,","2024","https://artaurea.de/wp-content/uploads/2025/08/Atelier-von-Ehren_Yellow-on-grey-Round-and-Round-Atelier-von-Ehren-24.jpg","Atelier-von-Ehren_Yellow-on-grey-Round-and-Round-Atelier-von-Ehren-24.jpg","Soft Refrain, Vase aus der Serie Round & Round, 2024. Steinzeug, glasiert, gelb auf grau, 15 x 15 x 22 cm."
"Atelier von Ehren","c5d5d79c-2f80-4925-8de0-e53fde6553b7","Yes","And go round again, Vase aus der Serie Round & Round, 2024. Steinzeug, glasiert,","2024","https://artaurea.de/wp-content/uploads/2025/08/Atelier-von-Ehren_ROUNDandROUND-BArbara-Jenner-2024-Atelier-von-Ehren.jpg","Atelier-von-Ehren_ROUNDandROUND-BArbara-Jenner-2024-Atelier-von-Ehren.jpg","And go round again, Vase aus der Serie Round & Round, 2024. Steinzeug, glasiert, 11 x 11 x 33 cm."
"Atelier von Ehren","c5d5d79c-2f80-4925-8de0-e53fde6553b7","Yes","Off-Beat Vase aus der Serie Round & Round, 2024, blau auf grau. Steinzeug glasiert,","2024","https://artaurea.de/wp-content/uploads/2025/08/Atelier-von-Ehren_Blue-on-grey-RoundandRound-AteliervonEhren-24.jpg","Atelier-von-Ehren_Blue-on-grey-RoundandRound-AteliervonEhren-24.jpg","Off-Beat Vase aus der Serie Round & Round, 2024, blau auf grau. Steinzeug glasiert, 15 x 15 x 34 cm."
"Atelier von Ehren","c5d5d79c-2f80-4925-8de0-e53fde6553b7","Yes","Arbeiten aus der Serie Luft und Lilie (Diffuser und Vasen), 2022, Kunsthaus Weiz, Österreich.","2022","https://artaurea.de/wp-content/uploads/2025/08/Atelier-von-Ehren_Ausstellung-Kunsthaus-WEiz-2022-Barbara-Jenner-Luft-und-Lilie.jpg","Atelier-von-Ehren_Ausstellung-Kunsthaus-WEiz-2022-Barbara-Jenner-Luft-und-Lilie.jpg","Arbeiten aus der Serie Luft und Lilie (Diffuser und Vasen), 2022, Kunsthaus Weiz, Österreich."
"Atelier von Ehren","c5d5d79c-2f80-4925-8de0-e53fde6553b7","Yes","Dancing Edge Vase aus der Serie Figures, 2024. Steinzeug glasiert, gelb.","2024","https://artaurea.de/wp-content/uploads/2025/08/Atelier-von-Ehren_Gelb-auf-weiss-FIGURES-Atelier-von-Ehren-BarbaraJenner-2024.jpg","Atelier-von-Ehren_Gelb-auf-weiss-FIGURES-Atelier-von-Ehren-BarbaraJenner-2024.jpg","Dancing Edge Vase aus der Serie Figures, 2024. Steinzeug glasiert, gelb. 17 x 16 x 23,5 cm."
"Atelier von Ehren","c5d5d79c-2f80-4925-8de0-e53fde6553b7","Yes","OMARU, Pflanzgefäß, weiß-rosé, 2024. Selbstbewässernd, Steinzeug glasiert, leicht rosa,","2024","https://artaurea.de/wp-content/uploads/2025/08/Atelier-von-Ehren_Selbstbewaessernder-Blumentopf-leicht-rosa.jpg","Atelier-von-Ehren_Selbstbewaessernder-Blumentopf-leicht-rosa.jpg","OMARU, Pflanzgefäß, weiß-rosé, 2024. Selbstbewässernd, Steinzeug glasiert, leicht rosa, 16 x 16 x 32 cm, zweiteilig."
"Atelier von Ehren","c5d5d79c-2f80-4925-8de0-e53fde6553b7","Yes","Pfanzgefäße, 2023-25. Verschiedene Größen. Drift & Drawn, Installation im FORA Lindenpalais, Berlin, 2025.","2023","https://artaurea.de/wp-content/uploads/2025/08/Atelier-von-Ehren_Drift-Drawn-Installation-at-FORA-Lindenpalais.jpg","Atelier-von-Ehren_Drift-Drawn-Installation-at-FORA-Lindenpalais.jpg","Pfanzgefäße, 2023-25. Verschiedene Größen. Drift & Drawn, Installation im FORA Lindenpalais, Berlin, 2025."
"Atelier von Ehren","c5d5d79c-2f80-4925-8de0-e53fde6553b7","Yes","Ayla, gelb, und Omaru, leicht rosa, Pflanzgefäße, 2024. Selbstbewässernd, verschiedene Größen.","2024","https://artaurea.de/wp-content/uploads/2025/08/Atelier-von-Ehren_Selbstbewaessernde-Blumentoepfe.jpg","Atelier-von-Ehren_Selbstbewaessernde-Blumentoepfe.jpg","Ayla, gelb, und Omaru, leicht rosa, Pflanzgefäße, 2024. Selbstbewässernd, verschiedene Größen."
"Atelier von Ehren","c5d5d79c-2f80-4925-8de0-e53fde6553b7","Yes","Yara, blau, und Omaru, weiß, Pflanzgefäße, 2024. Selbstbewässernd, verschiedene Größen.","2024","https://artaurea.de/wp-content/uploads/2025/08/Atelier-von-Ehren_Selbstbewaessernde-Blumentoepfe2.jpg","Atelier-von-Ehren_Selbstbewaessernde-Blumentoepfe2.jpg","Yara, blau, und Omaru, weiß, Pflanzgefäße, 2024. Selbstbewässernd, verschiedene Größen."
"Atelier von Ehren","c5d5d79c-2f80-4925-8de0-e53fde6553b7","Yes","Pflanztopf Soren, braun und weiß, 2024. Steinzeug, innen glasiert, 29,","2024","https://artaurea.de/wp-content/uploads/2025/08/Atelier-von-Ehren_Pflanztopf-1.jpg","Atelier-von-Ehren_Pflanztopf-1.jpg","Pflanztopf Soren, braun und weiß, 2024. Steinzeug, innen glasiert, 29,5 x 29,5 x 25,5 cm."
"Thomas Bohle","hEWOpVV05Nk2Wkv6vIt7TN","Yes","Schale. Steinzeug, doppelwandig gedreht. Ø 55cm. Photo Frigesch Lampelmaier","","https://artaurea.de/wp-content/uploads/2013/12/thomas-bohle-schale.jpg","thomas-bohle-schale.jpg","Schale. Steinzeug, doppelwandig gedreht. Ø 55cm. Photo Frigesch Lampelmaier"
"Thomas Bohle","hEWOpVV05Nk2Wkv6vIt7TN","Yes","Gefäß. Steinzeug, doppelwandig gedreht. Photo Frigesch Lampelmaier","","https://artaurea.de/wp-content/uploads/2013/12/thomas-bohle-doppelwandgefaess.jpg","thomas-bohle-doppelwandgefaess.jpg","Gefäß. Steinzeug, doppelwandig gedreht. Photo Frigesch Lampelmaier"
"Thomas Bohle","hEWOpVV05Nk2Wkv6vIt7TN","Yes","Gefäß. Steinzeug, doppelwandig gedreht. Ø 30cm, H 18cm. Photo Frigesch Lampelmaier","","https://artaurea.de/wp-content/uploads/2013/12/thomas-bohle-gefaess.jpg","thomas-bohle-gefaess.jpg","Gefäß. Steinzeug, doppelwandig gedreht. Ø 30cm, H 18cm. Photo Frigesch Lampelmaier"
"Patrizia Bonati","5Nnn2PqcEKG4dqRP9h4bQw","Yes","Ohrring r2. Gold, Emaille","","https://artaurea.de/wp-content/uploads/2015/05/2-patrizia-bonati-earring.jpg","2-patrizia-bonati-earring.jpg","Ohrring r2. Gold, Emaille"
"Patrizia Bonati","5Nnn2PqcEKG4dqRP9h4bQw","Yes","Brosche a3. Gold, Emaille","","https://artaurea.de/wp-content/uploads/2015/05/4-patrizia-bonati-brooche.jpg","4-patrizia-bonati-brooche.jpg","Brosche a3. Gold, Emaille"
"Patrizia Bonati","5Nnn2PqcEKG4dqRP9h4bQw","Yes","Brosche c1. Gold, Emaille","","https://artaurea.de/wp-content/uploads/2015/05/6patrizia-bonati-brooche.jpg","6patrizia-bonati-brooche.jpg","Brosche c1. Gold, Emaille"
"Bosna Quilt Werkstatt","hEWOpVV05Nk2Wkv6vIt7gR","Yes","","","https://artaurea.de/wp-content/uploads/2020/07/Bosna-Quilt.jpg","Bosna-Quilt.jpg",""
"Beate Brinkmann","hEWOpVV05Nk2Wkv6vIt91B","Yes","Ring. Perle","","https://artaurea.de/wp-content/uploads/2013/10/beate-brinkmann-perle.jpg","beate-brinkmann-perle.jpg","Ring. Perle"
"Beate Brinkmann","hEWOpVV05Nk2Wkv6vIt91B","Yes","Armreife","","https://artaurea.de/wp-content/uploads/2013/10/beate-brinkmann-armreifen.jpg","beate-brinkmann-armreifen.jpg","Armreife"
"Friedemann Bühler","","No","","","https://artaurea.de/wp-content/uploads/2013/10/friedemann-buehler-holzgefaess-07.jpg","friedemann-buehler-holzgefaess-07.jpg",""
"Friedemann Bühler","","No","","","https://artaurea.de/wp-content/uploads/2013/10/BühlerWL19.jpg","BühlerWL19.jpg",""
"burggrafburggraf","","No","Handtasche Meta MIRUM®, sattelbraun genarbt, gefertigt aus MIRUM®, Metalldetail aus Edelstahl.","","https://artaurea.de/wp-content/uploads/2019/03/burggrafburggraf-MirumEdition-Meta.jpg","burggrafburggraf-MirumEdition-Meta.jpg","Handtasche Meta MIRUM®, sattelbraun genarbt, gefertigt aus MIRUM®, Metalldetail aus Edelstahl."
"burggrafburggraf","","No","MIRUM® Edition, Kollektion minimalistischer Taschen und Accessoires gefertigt aus MIRUM®.","","https://artaurea.de/wp-content/uploads/2019/03/burggrafburggraf_Mirum-Edition_01-scaled.jpg","burggrafburggraf_Mirum-Edition_01-scaled.jpg","MIRUM® Edition, Kollektion minimalistischer Taschen und Accessoires gefertigt aus MIRUM®."
"burggrafburggraf","","No","Rucksack Como, navy. Portugiesischer Kork auf Gewebeträger, Innenseite aus Baumwolle, Magnetverschluss.","","https://artaurea.de/wp-content/uploads/2019/02/burggrafburggraf_Como_navy.jpg","burggrafburggraf_Como_navy.jpg","Rucksack Como, navy. Portugiesischer Kork auf Gewebeträger, Innenseite aus Baumwolle, Magnetverschluss."
"burggrafburggraf","","No","Rucksack Como, schwarz. Portugiesischer Kork auf Gewebeträger, Innenseite aus Baumwolle, Magnetverschluss.","","https://artaurea.de/wp-content/uploads/2019/02/burggrafburggraf_como_black.jpg","burggrafburggraf_como_black.jpg","Rucksack Como, schwarz. Portugiesischer Kork auf Gewebeträger, Innenseite aus Baumwolle, Magnetverschluss."
"burggrafburggraf","","No","Tasche Cala, graphitgrau. Portugiesischer Kork auf Gewebeträger, Innenseite aus Baumwolle.","","https://artaurea.de/wp-content/uploads/2019/02/burggrafburggraf_cala_graphitegrey.jpg","burggrafburggraf_cala_graphitegrey.jpg","Tasche Cala, graphitgrau. Portugiesischer Kork auf Gewebeträger, Innenseite aus Baumwolle."
"burggrafburggraf","","No","Tasche Cala und Clutch Uma, birkengrau. Portugiesischer Kork auf Gewebeträger, Innenseite aus Baumwolle.","","https://artaurea.de/wp-content/uploads/2019/03/burggrafburggraf_calauma_birchgrey-1.jpg","burggrafburggraf_calauma_birchgrey-1.jpg","Tasche Cala und Clutch Uma, birkengrau. Portugiesischer Kork auf Gewebeträger, Innenseite aus Baumwolle."
"burggrafburggraf","","No","Tasche Cala, navy, Detail. Portugiesischer Kork auf Gewebeträger, Innenseite aus Baumwolle.","","https://artaurea.de/wp-content/uploads/2019/02/burggrafburggraf_cala_navy_detail.jpg","burggrafburggraf_cala_navy_detail.jpg","Tasche Cala, navy, Detail. Portugiesischer Kork auf Gewebeträger, Innenseite aus Baumwolle."
"burggrafburggraf","","No","Tasche Como, Detail, birkengrau. Portugiesischer Kork auf Gewebeträger, Innenseite aus Baumwolle.","","https://artaurea.de/wp-content/uploads/2019/02/burggrafburggraf_como_birchgrey_detail.jpg","burggrafburggraf_como_birchgrey_detail.jpg","Tasche Como, Detail, birkengrau. Portugiesischer Kork auf Gewebeträger, Innenseite aus Baumwolle."
"burggrafburggraf","","No","Tasche Cala, hellgrau, Detail. Portugiesischer Kork auf Gewebeträger, Innenseite aus Baumwolle.","","https://artaurea.de/wp-content/uploads/2019/02/burggrafburggraf_cala_lightgrey_detail.jpg","burggrafburggraf_cala_lightgrey_detail.jpg","Tasche Cala, hellgrau, Detail. Portugiesischer Kork auf Gewebeträger, Innenseite aus Baumwolle."
"burggrafburggraf","","No","Tasche Reto, schwarz. Portugiesischer Kork auf Gewebeträger, Innenseite aus Baumwolle.","","https://artaurea.de/wp-content/uploads/2019/02/burggrafburggraf_reto_black_open.jpg","burggrafburggraf_reto_black_open.jpg","Tasche Reto, schwarz. Portugiesischer Kork auf Gewebeträger, Innenseite aus Baumwolle."
"burggrafburggraf","","No","Falt-Portemonnaie Ando, graphitgrau. Portugiesischer Kork auf Gewebeträger, Innenseite aus schwarzer Baumwolle.","","https://artaurea.de/wp-content/uploads/2019/02/burggrafburggraf_ando_graphitegrey.jpg","burggrafburggraf_ando_graphitegrey.jpg","Falt-Portemonnaie Ando, graphitgrau. Portugiesischer Kork auf Gewebeträger, Innenseite aus schwarzer Baumwolle."
"burggrafburggraf","","No","Falt-Portemonnaie Eve, birkengrau. Portugiesischer Kork auf Gewebeträger, Innenseite aus schwarzer Baumwolle.","","https://artaurea.de/wp-content/uploads/2019/02/burggrafburggraf_eve_birchgrey.jpg","burggrafburggraf_eve_birchgrey.jpg","Falt-Portemonnaie Eve, birkengrau. Portugiesischer Kork auf Gewebeträger, Innenseite aus schwarzer Baumwolle."
"Hans Coper","5Nnn2PqcEKG4dqRP9h3vvW","Yes","Kelchvase","","https://artaurea.de/wp-content/uploads/2014/01/hans-coper-kelchvase.jpg","hans-coper-kelchvase.jpg","Kelchvase. Glasiertes Steinzeug"
"Sarah Cossham","MnHq3gipaho0Iv07wkSphF","Yes","Ohrringe. Silber, Rubine.","","https://artaurea.de/wp-content/uploads/2020/10/Sarah-Cossham_Schmuckdesign_Ohrringe_Rubin_Art-Aurea-1.jpg","Sarah-Cossham_Schmuckdesign_Ohrringe_Rubin_Art-Aurea-1.jpg","Ohrringe. Silber, Rubine."
"Sarah Cossham","MnHq3gipaho0Iv07wkSphF","Yes","Gefäße.","","https://artaurea.de/wp-content/uploads/2020/10/Sarah-Cossham_Schmiedekunst_Gefaesse.jpg","Sarah-Cossham_Schmiedekunst_Gefaesse.jpg","Gefäße."
"Sarah Cossham","MnHq3gipaho0Iv07wkSphF","Yes","Becher. Silber.","","https://artaurea.de/wp-content/uploads/2020/10/Sarah-Cossham_Schmiedekunst_Becher-silber.jpg","Sarah-Cossham_Schmiedekunst_Becher-silber.jpg","Becher. Silber."
"Carl Dau","5Nnn2PqcEKG4dqRP9h3wIk","Yes","Ring sr-vi 1. Edelstahl","","https://artaurea.de/wp-content/uploads/2013/11/Carl-Dau_Ring_sr-vi-1.jpg","Carl-Dau_Ring_sr-vi-1.jpg","Ring sr-vi 1. Edelstahl"
"Carl Dau","5Nnn2PqcEKG4dqRP9h3wIk","Yes","Ketten sk-k. Gold 750, Edelstahl","","https://artaurea.de/wp-content/uploads/2013/11/Carl-Dau_Kette_sk-k-1-2.jpg","Carl-Dau_Kette_sk-k-1-2.jpg","Ketten sk-k. Gold 750, Edelstahl"
"Carl Dau","5Nnn2PqcEKG4dqRP9h3wIk","Yes","Ring sr-g 2. Gold 750","","https://artaurea.de/wp-content/uploads/2013/11/Carl-Dau_Ring_sr-g-2.jpg","Carl-Dau_Ring_sr-g-2.jpg","Ring sr-g 2. Gold 750"
"Carl Dau","5Nnn2PqcEKG4dqRP9h3wIk","Yes","Ketten sk-v. Gold 750, Edelstahl","","https://artaurea.de/wp-content/uploads/2013/11/Carl-Dau_Kette_sk-v-1-2.jpg","Carl-Dau_Kette_sk-v-1-2.jpg","Ketten sk-v. Gold 750, Edelstahl"
"Carl Dau","5Nnn2PqcEKG4dqRP9h3wIk","Yes","Miniatur 2a. Edelstahl, Lack,","2012","https://artaurea.de/wp-content/uploads/2013/11/carl-dau-miniatur-2a-1.jpg","carl-dau-miniatur-2a-1.jpg","Miniatur 2a. Edelstahl, Lack, 60 x 33 mm, 2012"
"Carl Dau","5Nnn2PqcEKG4dqRP9h3wIk","Yes","Miniatur 1a. Edelstahl, Lack,","2006","https://artaurea.de/wp-content/uploads/2013/11/carl-dau-miniatur-1a.jpg","carl-dau-miniatur-1a.jpg","Miniatur 1a. Edelstahl, Lack, 43 x 43 mm, 2006. MJC Winner 2013"
"Carl Dau","5Nnn2PqcEKG4dqRP9h3wIk","Yes","Miniatur 2. Edelstahl, Lack,","","https://artaurea.de/wp-content/uploads/2013/11/Carl-Dau_blaue-Miniatur.jpg","Carl-Dau_blaue-Miniatur.jpg","Miniatur 2. Edelstahl, Lack, 50 x 50 mm"
"Carl Dau","5Nnn2PqcEKG4dqRP9h3wIk","Yes","Manschettenknöpfe mk-g 1. Gold 750, Edelstahl, Silber 925","","https://artaurea.de/wp-content/uploads/2013/11/Carl-Dau_jewelry_Manschettenknoepfe_MK-G-1.jpg","Carl-Dau_jewelry_Manschettenknoepfe_MK-G-1.jpg","Manschettenknöpfe mk-g 1. Gold 750, Edelstahl, Silber 925"
"Carl Dau","5Nnn2PqcEKG4dqRP9h3wIk","Yes","Kette hsn-ff. Gold 750","","https://artaurea.de/wp-content/uploads/2013/11/Carl-Dau_hsn-ff.jpg","Carl-Dau_hsn-ff.jpg","Kette hsn-ff. Gold 750"
"Carl Dau","5Nnn2PqcEKG4dqRP9h3wIk","Yes","Ringe sr-a. Silber 925, Edelstahl, Titan","","https://artaurea.de/wp-content/uploads/2013/11/Carl-Dau_Ringe_sr-a.jpg","Carl-Dau_Ringe_sr-a.jpg","Ringe sr-a. Silber 925, Edelstahl, Titan"
"Carl Dau","5Nnn2PqcEKG4dqRP9h3wIk","Yes","Ringe sr-fs. Gold 750, Edelstahl","","https://artaurea.de/wp-content/uploads/2013/11/Carl-Dau_Ringe_sr-fs-12b-11bti.jpg","Carl-Dau_Ringe_sr-fs-12b-11bti.jpg","Ringe sr-fs. Gold 750, Edelstahl"
"Carl Dau","5Nnn2PqcEKG4dqRP9h3wIk","Yes","Ringe sr-l. Gold 750, Edelstahl","","https://artaurea.de/wp-content/uploads/2013/11/Carl-Dau_Ringe_sr-l-11-12.jpg","Carl-Dau_Ringe_sr-l-11-12.jpg","Ringe sr-l. Gold 750, Edelstahl"
"Carl Dau","5Nnn2PqcEKG4dqRP9h3wIk","Yes","Ringe sr-wa, Edelstahl, Gold 750","","https://artaurea.de/wp-content/uploads/2013/11/Carl-Dau_Ringe_sr-wa.jpg","Carl-Dau_Ringe_sr-wa.jpg","Ringe sr-wa, Edelstahl, Gold 750"
"Martina Dempf","hEWOpVV05Nk2Wkv6vItAm3","Yes","Symphonie, Collier und Brosche, 2017. Silber, Bergkristall, Moosachat, versteinertes Holz. Foto: Sebastian Ahlers.","2017","https://artaurea.de/wp-content/uploads/2015/12/Martina-Dempf_Collier_Brosche_foto-Sebastian-Ahlers.jpg","Martina-Dempf_Collier_Brosche_foto-Sebastian-Ahlers.jpg","Symphonie, Collier und Brosche, 2017. Silber, Bergkristall, Moosachat, versteinertes Holz. Foto: Sebastian Ahlers."
"Martina Dempf","hEWOpVV05Nk2Wkv6vItAm3","Yes","Ellipsen Armreife, 2018. Verschiedene Hölzer, Silber. Photo Sebastian Ahlers.","2018","https://artaurea.de/wp-content/uploads/2015/12/Martina-Dempf_Schmuck_Armreife.jpg","Martina-Dempf_Schmuck_Armreife.jpg","Ellipsen Armreife, 2018. Verschiedene Hölzer, Silber. Photo Sebastian Ahlers."
"Martina Dempf","hEWOpVV05Nk2Wkv6vItAm3","Yes","Armreifobjekt. Amboina Maserholz, Silber. Afrika.","","https://artaurea.de/wp-content/uploads/2015/12/07-A-Amboina-1b_bearbeitet.jpg","07-A-Amboina-1b_bearbeitet.jpg","Armreifobjekt. Amboina Maserholz, Silber. Afrika.
"
"Georg Dobler","hEWOpVV05Nk2Wkv6vItB3T","Yes","Brosche","","https://artaurea.de/wp-content/uploads/2014/05/georg-dobler-brosche-abstrakt.jpg","georg-dobler-brosche-abstrakt.jpg","Brosche"
"Georg Dobler","hEWOpVV05Nk2Wkv6vItB3T","Yes","Brosche","","https://artaurea.de/wp-content/uploads/2014/05/georg-dobler-brosche-gelb.jpg","georg-dobler-brosche-gelb.jpg","Brosche"
"Georg Dobler","hEWOpVV05Nk2Wkv6vItB3T","Yes","","","https://artaurea.de/wp-content/uploads/2014/05/georg-dobler-brosche-dunkel.jpg","georg-dobler-brosche-dunkel.jpg",""
"Georg Dobler","hEWOpVV05Nk2Wkv6vItB3T","Yes","Brosche","","https://artaurea.de/wp-content/uploads/2014/05/georg-dobler-brosche-orange.jpg","georg-dobler-brosche-orange.jpg","Brosche"
"Georg Dobler","hEWOpVV05Nk2Wkv6vItB3T","Yes","Brosche","","https://artaurea.de/wp-content/uploads/2014/05/georg-dobler-brosche.jpg","georg-dobler-brosche.jpg","Brosche"
"Babette von Dohnanyi","","No","Kette Template  2013. Olivenholz, Pigment, Acrylfarbe, Silber 925,","2013","https://artaurea.de/wp-content/uploads/2013/10/babette-von-dohnanyi-bracelet-template1.jpg","babette-von-dohnanyi-bracelet-template1.jpg","Kette Template  2013. Olivenholz, Pigment, Acrylfarbe, Silber 925, 23 × 23 × 0,45 cm."
"Susanne Elstner","5Nnn2PqcEKG4dqRP9h3xH8","Yes","Ring","","https://artaurea.de/wp-content/uploads/2015/11/Susanne-Elstner-Ring-Holzkohle-Silber-2.jpg","Susanne-Elstner-Ring-Holzkohle-Silber-2.jpg","Ring. Holzkohle, Silber."
"Sophia Epp","hEWOpVV05Nk2Wkv6vItE0N","Yes","Halsschmuck Kreise und Ohrringe Doppelkreis. Silber mit Spinell und Silber","","https://artaurea.de/wp-content/uploads/2013/11/sophia-epp-halsschmuck.jpg","sophia-epp-halsschmuck.jpg","Halsschmuck Kreise und Ohrringe Doppelkreis. Silber mit Spinell und Silber"
"Sophia Epp","hEWOpVV05Nk2Wkv6vItE0N","Yes","Ohrschmuck Lilie. Gold 900 und geschwärztes Silber. MJC Winner 2011","2011","https://artaurea.de/wp-content/uploads/2013/11/sophie-epp-ohrschmuck-lilie.jpg","sophie-epp-ohrschmuck-lilie.jpg","Ohrschmuck Lilie. Gold 900 und geschwärztes Silber. MJC Winner 2011"
"Sophia Epp","hEWOpVV05Nk2Wkv6vItE0N","Yes","Anhänger und Brosche. Silber mit Gold, montiert und Silber, montiert. Anhänger 6 cm lang. MJC Winner 2013","2013","https://artaurea.de/wp-content/uploads/2013/11/sophie-epp-anhaenger-brosche.jpg","sophie-epp-anhaenger-brosche.jpg","Anhänger und Brosche. Silber mit Gold, montiert und Silber, montiert. Anhänger 6 cm lang. MJC Winner 2013"
"Sophia Epp","hEWOpVV05Nk2Wkv6vItE0N","Yes","Halsschmuck 8er. Silber oxidiert","","https://artaurea.de/wp-content/uploads/2013/11/sophia-epp_Kette_04.jpg","sophia-epp_Kette_04.jpg","Halsschmuck 8er. Silber oxidiert"
"Renate Erlacher","5Nnn2PqcEKG4dqRP9h4fBC","Yes","Halsschmuck, 2020. Silber, Turmaline.","2020","https://artaurea.de/wp-content/uploads/2022/03/Renate-Erlacher_Schmuckdesign_Halsschmuck_1-1.jpg","Renate-Erlacher_Schmuckdesign_Halsschmuck_1-1.jpg","Halsschmuck, 2020. Silber, Turmaline."
"Renate Erlacher","5Nnn2PqcEKG4dqRP9h4fBC","Yes","Ring, 2018. Kupfer, Silber, Emaille.","2018","https://artaurea.de/wp-content/uploads/2022/03/Renate-Erlacher_Schmuckdesign_Ring-3-1.jpg","Renate-Erlacher_Schmuckdesign_Ring-3-1.jpg","Ring, 2018. Kupfer, Silber, Emaille."
"Renate Erlacher","5Nnn2PqcEKG4dqRP9h4fBC","Yes","Ring, 2018. Kupfer, Silber, Emaille.","2018","https://artaurea.de/wp-content/uploads/2022/03/Renate-Erlacher_Schmuckdesign_Ring-4-1.jpg","Renate-Erlacher_Schmuckdesign_Ring-4-1.jpg","Ring, 2018. Kupfer, Silber, Emaille."
"Renate Erlacher","5Nnn2PqcEKG4dqRP9h4fBC","Yes","Ring, 2018. Kupfer, Silber, Emaille.","2018","https://artaurea.de/wp-content/uploads/2022/03/Renate-Erlacher_Schmuckdesign_Brosche-2-1.jpg","Renate-Erlacher_Schmuckdesign_Brosche-2-1.jpg","Ring, 2018. Kupfer, Silber, Emaille."
"Renate Erlacher","5Nnn2PqcEKG4dqRP9h4fBC","Yes","Ohrringe, 2021. Gold 585, Rubine.","2021","https://artaurea.de/wp-content/uploads/2022/03/Renate-Erlacher_Schmuckdesign_Ohrringe_2-1.jpg","Renate-Erlacher_Schmuckdesign_Ohrringe_2-1.jpg","Ohrringe, 2021. Gold 585, Rubine."
"Renate Erlacher","5Nnn2PqcEKG4dqRP9h4fBC","Yes","Halsschmuck, 2021. Gold 585, Rubine, Kunzite.","2021","https://artaurea.de/wp-content/uploads/2022/03/Renate-Erlacher_Schmuckdesign_Halsschmuck_4-1.jpg","Renate-Erlacher_Schmuckdesign_Halsschmuck_4-1.jpg","Halsschmuck, 2021. Gold 585, Rubine, Kunzite."
"Renate Erlacher","5Nnn2PqcEKG4dqRP9h4fBC","Yes","Halsschmuck, 2021. Silber, Süßwasserperlen, Aquamarine.","2021","https://artaurea.de/wp-content/uploads/2022/03/Renate-Erlacher_Schmuckdesign_Halsschmuck_2-1.jpg","Renate-Erlacher_Schmuckdesign_Halsschmuck_2-1.jpg","Halsschmuck, 2021. Silber, Süßwasserperlen, Aquamarine."
"Renate Erlacher","5Nnn2PqcEKG4dqRP9h4fBC","Yes","Halsschmuck, 2021. Gold 585, Rubine, Kunzite.","2021","https://artaurea.de/wp-content/uploads/2022/03/Renate-Erlacher_Schmuckdesign_Halsschmuck_5-1.jpg","Renate-Erlacher_Schmuckdesign_Halsschmuck_5-1.jpg","Halsschmuck, 2021. Gold 585, Rubine, Kunzite."
"Renate Erlacher","5Nnn2PqcEKG4dqRP9h4fBC","Yes","Halsschmuck, 2020. Silber, Murano Glasperlen.","2020","https://artaurea.de/wp-content/uploads/2022/03/Renate-Erlacher_Schmuckdesign_Halsschmuck_3-1.jpg","Renate-Erlacher_Schmuckdesign_Halsschmuck_3-1.jpg","Halsschmuck, 2020. Silber, Murano Glasperlen."
"Renate Erlacher","5Nnn2PqcEKG4dqRP9h4fBC","Yes","Halsschmuck, 2019. Silber geschwärzt, Labradorit.","2019","https://artaurea.de/wp-content/uploads/2022/03/Renate-Erlacher_Schmuckdesign_Halsschmuck_7-1.jpg","Renate-Erlacher_Schmuckdesign_Halsschmuck_7-1.jpg","Halsschmuck, 2019. Silber geschwärzt, Labradorit."
"Renate Erlacher","5Nnn2PqcEKG4dqRP9h4fBC","Yes","Ring, 2019. Silber geschwärzt.","2019","https://artaurea.de/wp-content/uploads/2022/03/Renate-Erlacher_Schmuckdesign_Ring-1-1.jpg","Renate-Erlacher_Schmuckdesign_Ring-1-1.jpg","Ring, 2019. Silber geschwärzt."
"Renate Erlacher","5Nnn2PqcEKG4dqRP9h4fBC","Yes","Ohrringe, 2021. Silber, Süßwasserperlen.","2021","https://artaurea.de/wp-content/uploads/2022/03/Renate-Erlacher_Schmuckdesign_Ohrringe_1-1.jpg","Renate-Erlacher_Schmuckdesign_Ohrringe_1-1.jpg","Ohrringe, 2021. Silber, Süßwasserperlen."
"Renate Erlacher","5Nnn2PqcEKG4dqRP9h4fBC","Yes","Halsschmuck, 2019. Silber, japanische Perlen.","2019","https://artaurea.de/wp-content/uploads/2022/03/Renate-Erlacher_Schmuckdesign_Halsschmuck_6-1.jpg","Renate-Erlacher_Schmuckdesign_Halsschmuck_6-1.jpg","Halsschmuck, 2019. Silber, japanische Perlen."
"Renate Erlacher","5Nnn2PqcEKG4dqRP9h4fBC","Yes","Brosche, 2020. Silber, Epoxidharz, Pigmente.","2020","https://artaurea.de/wp-content/uploads/2022/03/Renate-Erlacher_Schmuckdesign_Brosche-1-1.jpg","Renate-Erlacher_Schmuckdesign_Brosche-1-1.jpg","Brosche, 2020. Silber, Epoxidharz, Pigmente."
"Renate Erlacher","5Nnn2PqcEKG4dqRP9h4fBC","Yes","Ring, 2017. Kupfer, Messing, Silber.","2017","https://artaurea.de/wp-content/uploads/2022/03/Renate-Erlacher_Schmuckdesign_Ring-2-1.jpg","Renate-Erlacher_Schmuckdesign_Ring-2-1.jpg","Ring, 2017. Kupfer, Messing, Silber."
"Pura Ferreiro","MnHq3gipaho0Iv07wkS9es","Yes","Skarabäus, granuliert. Recyclinggold 900.","","https://artaurea.de/wp-content/uploads/2019/09/Pura-Ferreiro_Kaefer.jpg","Pura-Ferreiro_Kaefer.jpg","Skarabäus, granuliert. Recyclinggold 900."
"Pura Ferreiro","MnHq3gipaho0Iv07wkS9es","Yes","Triangel Ohrringe. Recyclinggold 900.","","https://artaurea.de/wp-content/uploads/2019/09/Pura-Ferreiro_Triangel-Earrings.jpg","Pura-Ferreiro_Triangel-Earrings.jpg","Triangel Ohrringe. Recyclinggold 900."
"Pura Ferreiro","MnHq3gipaho0Iv07wkS9es","Yes","Lotos Ohrringe, groß. Silber 925, Vorderseite aus Gold 750.","","https://artaurea.de/wp-content/uploads/2019/09/Pura-Ferreiro_Lotos-Ohrschmuck.jpg","Pura-Ferreiro_Lotos-Ohrschmuck.jpg","Lotos Ohrringe, groß. Silber 925, Vorderseite aus Gold 750."
"Simon Freund","","No","Duftkerze","","https://artaurea.de/wp-content/uploads/2015/08/simon_freund_scented_candle_1.jpg","simon_freund_scented_candle_1.jpg","Duftkerze. Metall, Wachs, Baumwolle,  8 x 7,5 cm"
"Achim Gersmann","","No","Ring Orbit 1. Gold 750, 16 Brillianten. Preis auf Anfrage.","","https://artaurea.de/wp-content/uploads/2013/10/achim-gersmann-orbit-13.jpg","achim-gersmann-orbit-13.jpg","Ring Orbit 1. Gold 750, 16 Brillianten. Preis auf Anfrage."
"Achim Gersmann","","No","Ring Crown QR. Gold 750, zwei Brillianten. Preis auf Anfrage. MJC Winner 2012.","2012","https://artaurea.de/wp-content/uploads/2013/10/achim-gersmann-crown-qr2.jpg","achim-gersmann-crown-qr2.jpg","Ring Crown QR. Gold 750, zwei Brillianten. Preis auf Anfrage. MJC Winner 2012."
"Batho Gündra","5Nnn2PqcEKG4dqRP9h40La","Yes","Halskette Treppenkette. Gold 750. MJC Winner 2011","2011","https://artaurea.de/wp-content/uploads/2013/10/batho-guendra-treppenkette1.jpg","batho-guendra-treppenkette1.jpg","Halskette Treppenkette. Gold 750. MJC Winner 2011"
"Batho Gündra","5Nnn2PqcEKG4dqRP9h40La","Yes","Ring. Gelbgold 750, Diamant im Spirit Sun Schliff. MJC Winner 2012","2012","https://artaurea.de/wp-content/uploads/2013/10/batho-guendra-ring-e1399402972509.jpg","batho-guendra-ring-e1399402972509.jpg","Ring. Gelbgold 750, Diamant im Spirit Sun Schliff. MJC Winner 2012"
"Bernard Heesen","hEWOpVV05Nk2Wkv6vItpVr","Yes","Krug","","https://artaurea.de/wp-content/uploads/2015/04/Art_Aurea_Bernard-Heesen_photo_def_image.jpg","Art_Aurea_Bernard-Heesen_photo_def_image.jpg","Krug. Glas, 88 x 30 cm"
"Bernard Heesen","hEWOpVV05Nk2Wkv6vItpVr","Yes","Krug","","https://artaurea.de/wp-content/uploads/2015/04/Art_Aurea_Bernard_Heesen_photo_def_image.jpg","Art_Aurea_Bernard_Heesen_photo_def_image.jpg","Krug. Glas, 96 x 40 cm"
"Emil Heger","hEWOpVV05Nk2Wkv6vItGkD","Yes","Drehformen, 1996. Steinzeug, H 120 cm","1996","https://artaurea.de/wp-content/uploads/2016/05/Emil-Heger-Keramik-01_Drehformen.jpg","Emil-Heger-Keramik-01_Drehformen.jpg","Drehformen, 1996. Steinzeug, H 120 cm"
"Emil Heger","hEWOpVV05Nk2Wkv6vItGkD","Yes","Drehformen, 1999. Steinzeug, H 21 cm","1999","https://artaurea.de/wp-content/uploads/2016/05/Emil-Heger-Keramik-02_Drehformen.jpg","Emil-Heger-Keramik-02_Drehformen.jpg","Drehformen, 1999. Steinzeug, H 21 cm"
"Emil Heger","hEWOpVV05Nk2Wkv6vItGkD","Yes","Drehform, 2003. Steinzeug, H 59 cm","2003","https://artaurea.de/wp-content/uploads/2016/05/Emil-Heger-Keramik-03_Drehform.jpg","Emil-Heger-Keramik-03_Drehform.jpg","Drehform, 2003. Steinzeug, H 59 cm"
"Emil Heger","hEWOpVV05Nk2Wkv6vItGkD","Yes","Drehform 15-66, 2015. Steinzeug, H 23 cm","2015","https://artaurea.de/wp-content/uploads/2016/05/Emil-Heger-Keramik-05_Drehform.jpg","Emil-Heger-Keramik-05_Drehform.jpg","Drehform 15-66, 2015. Steinzeug, H 23 cm"
"Sebastian Hepp","5Nnn2PqcEKG4dqRP9h4gpO","Yes","Gefäßobjekte. Stahl, geschmiedet und montiert. 11,","","https://artaurea.de/wp-content/uploads/2021/03/Sebastian-Hepp_Gefaessobjekte_rund-dunkel_Art-Aurea-1.jpg","Sebastian-Hepp_Gefaessobjekte_rund-dunkel_Art-Aurea-1.jpg","Gefäßobjekte. Stahl, geschmiedet und montiert. 11,5 x 7,5 cm. Photo: Sebastian Linder."
"Sebastian Hepp","5Nnn2PqcEKG4dqRP9h4gpO","Yes","Schalenobjekt. Stahl, geschmiedet und montiert,","","https://artaurea.de/wp-content/uploads/2021/03/Sebastian-Hepp_Schalenobjekt_1_1_Art-Aurea-1.jpg","Sebastian-Hepp_Schalenobjekt_1_1_Art-Aurea-1.jpg","Schalenobjekt. Stahl, geschmiedet und montiert, 44 x 11,8 cm. Photo: Sebastian Linder."
"Sebastian Hepp","5Nnn2PqcEKG4dqRP9h4gpO","Yes","Gefäßobjekte. Stahl, geschmiedet und montiert. 22,","","https://artaurea.de/wp-content/uploads/2021/03/Sebastian-Hepp_Gefaessobjekt_flach_Art-Aurea-1.jpg","Sebastian-Hepp_Gefaessobjekt_flach_Art-Aurea-1.jpg","Gefäßobjekte. Stahl, geschmiedet und montiert. 22,8 x 11,5 x 4 cm und 20,8 x 11,2 x 3,6 cm. Photo: Sebastian Linder."
"Hirsch – Woodenheart","5Nnn2PqcEKG4dqRP9h41lq","Yes","Holzschale Una. Schwarznuss, Blattgold 999, H 10 x Ø 24 cm","","https://artaurea.de/wp-content/uploads/2016/05/Hirsch-Wooden-Heart-Una.jpg","Hirsch-Wooden-Heart-Una.jpg","Holzschale Una. Schwarznuss, Blattgold 999, H 10 x Ø 24 cm"
"Kap-Sun Hwang","hEWOpVV05Nk2Wkv6vItIi9","Yes","Gefäß. Porzellan","","https://artaurea.de/wp-content/uploads/2013/12/Hwang-gefaess2-e1401811887256.jpg","Hwang-gefaess2-e1401811887256.jpg","Gefäß. Porzellan"
"Kap-Sun Hwang","hEWOpVV05Nk2Wkv6vItIi9","Yes","Gefäß. Porzellan","","https://artaurea.de/wp-content/uploads/2013/12/Hwang-gefaess-e1401811917950.jpg","Hwang-gefaess-e1401811917950.jpg","Gefäß. Porzellan"
"Kap-Sun Hwang","hEWOpVV05Nk2Wkv6vItIi9","Yes","Vase. Porzellan","","https://artaurea.de/wp-content/uploads/2013/12/Hwang-vase6.jpg","Hwang-vase6.jpg","Vase. Porzellan"
"Koichi Io","MnHq3gipaho0Iv07wkSEZi","Yes","Wirbelgefäß X. Patiniertes Shakudo (Kupfer -3%, Goldlegierung),","","https://artaurea.de/wp-content/uploads/2014/03/koichi-io-whirl-vi-ii.jpg","koichi-io-whirl-vi-ii.jpg","Wirbelgefäß X. Patiniertes Shakudo (Kupfer -3%, Goldlegierung), 33 × 33 × 15 cm."
"Koichi Io","MnHq3gipaho0Iv07wkSEZi","Yes","Wirbelgefäß VI.  999 Silber,","","https://artaurea.de/wp-content/uploads/2014/03/koichi-io-whirl-vi-1.jpg","koichi-io-whirl-vi-1.jpg","Wirbelgefäß VI.  999 Silber, 33 × 33 × 14 cm."
"Koichi Io","MnHq3gipaho0Iv07wkSEZi","Yes","Wirbelgefäß VI. 999 Silber, patiniertes Kuromidō (Kupfer-Antimon-Arsen-Legierung),","","https://artaurea.de/wp-content/uploads/2014/03/koichi-io-whirl-vessel-x.jpg","koichi-io-whirl-vessel-x.jpg","Wirbelgefäß VI. 999 Silber, patiniertes Kuromidō (Kupfer-Antimon-Arsen-Legierung), 33 × 33 × 14 cm."
"Koichi Io","MnHq3gipaho0Iv07wkSEZi","Yes","Wirbelgefäß XII. Patiniertes Kupfer,","","https://artaurea.de/wp-content/uploads/2014/03/Whirl-Vessel-XII-41.jpg","Whirl-Vessel-XII-41.jpg","Wirbelgefäß XII. Patiniertes Kupfer, 25 x 24 x 18 cm."
"Koichi Io","MnHq3gipaho0Iv07wkSEZi","Yes","Wirbelgefäß XII. 999 Silber, patiniertes Kuromidō (Kupfer-Antimon-Arsen-Legierung),","","https://artaurea.de/wp-content/uploads/2014/03/Whirl-Vessel-XII-32.jpg","Whirl-Vessel-XII-32.jpg","Wirbelgefäß XII. 999 Silber, patiniertes Kuromidō (Kupfer-Antimon-Arsen-Legierung), 23 x 23 x 18 cm."
"Koichi Io","MnHq3gipaho0Iv07wkSEZi","Yes","Wirbelgefäß XII. 999 Silber,","","https://artaurea.de/wp-content/uploads/2014/03/Whirl-Vessel-XII-21.jpg","Whirl-Vessel-XII-21.jpg","Wirbelgefäß XII. 999 Silber, 24 x 23 x 18 cm."
"Koichi Io","MnHq3gipaho0Iv07wkSEZi","Yes","Wirbelbox. Silber 970/000,950/000, handgezogen, getrieben, montiert,","2015","https://artaurea.de/wp-content/uploads/2014/03/koichi-io-whirl-box.jpg","koichi-io-whirl-box.jpg","Wirbelbox. Silber 970/000,950/000, handgezogen, getrieben, montiert, 95x95xh85mm, 2015"
"Angelika Jansen","hEWOpVV05Nk2Wkv6vItJh7","Yes","Schale.","","https://artaurea.de/wp-content/uploads/2017/09/Angelika-Jansen_Keramikkunst_Schale.jpg","Angelika-Jansen_Keramikkunst_Schale.jpg","Schale."
"Angelika Jansen","hEWOpVV05Nk2Wkv6vItJh7","Yes","Aufbewahrungsgefäß.","","https://artaurea.de/wp-content/uploads/2017/09/Angelika-Jansen_Keramikkunst_Aufbewahrungsgefaess.jpg","Angelika-Jansen_Keramikkunst_Aufbewahrungsgefaess.jpg","Aufbewahrungsgefäß."
"Angelika Jansen","hEWOpVV05Nk2Wkv6vItJh7","Yes","Objekt.","","https://artaurea.de/wp-content/uploads/2017/09/Angelika-Jansen_Keramikkunst_Objekt3.jpg","Angelika-Jansen_Keramikkunst_Objekt3.jpg","Objekt."
"Angelika Jansen","hEWOpVV05Nk2Wkv6vItJh7","Yes","Aufbewahrungsgefäß.","","https://artaurea.de/wp-content/uploads/2017/09/Angelika-Jansen_Aufbewahrungsgefaess_Keramik.jpg","Angelika-Jansen_Aufbewahrungsgefaess_Keramik.jpg","Aufbewahrungsgefäß."
"Angelika Jansen","hEWOpVV05Nk2Wkv6vItJh7","Yes","Kegeltrichter.","","https://artaurea.de/wp-content/uploads/2017/09/Angelika-Jansen_Kegeltrichter_Keramik.jpg","Angelika-Jansen_Kegeltrichter_Keramik.jpg","Kegeltrichter."
"Angelika Jansen","hEWOpVV05Nk2Wkv6vItJh7","Yes","Kegeltrichter.","","https://artaurea.de/wp-content/uploads/2017/09/Angelika-Jansen_Kegeltrichter_ceramic.jpg","Angelika-Jansen_Kegeltrichter_ceramic.jpg","Kegeltrichter."
"Angelika Jansen","hEWOpVV05Nk2Wkv6vItJh7","Yes","Aufbewahrungsdose.","","https://artaurea.de/wp-content/uploads/2017/09/Angelika-Jansen_Aufbewahrungsdose_Keramik.jpg","Angelika-Jansen_Aufbewahrungsdose_Keramik.jpg","Aufbewahrungsdose."
"Angelika Jansen","hEWOpVV05Nk2Wkv6vItJh7","Yes","Kegeltrichter.","","https://artaurea.de/wp-content/uploads/2017/09/Angelika-Jansen_Kegeltrichter_ceramic-art.jpg","Angelika-Jansen_Kegeltrichter_ceramic-art.jpg","Kegeltrichter."
"Angelika Jansen","hEWOpVV05Nk2Wkv6vItJh7","Yes","Kugelvase.","","https://artaurea.de/wp-content/uploads/2017/09/Angelika-Jansen_Kugelvase_Keramik.jpg","Angelika-Jansen_Kugelvase_Keramik.jpg","Kugelvase."
"Angelika Jansen","hEWOpVV05Nk2Wkv6vItJh7","Yes","Zweibauchvase.","","https://artaurea.de/wp-content/uploads/2017/09/Angelika-Jansen_Zweibauchvase_Keramik-1.jpg","Angelika-Jansen_Zweibauchvase_Keramik-1.jpg","Zweibauchvase."
"Angelika Jansen","hEWOpVV05Nk2Wkv6vItJh7","Yes","Pokalvase.","","https://artaurea.de/wp-content/uploads/2017/09/Angelika-Jansen_Pokalvase_Keramik.jpg","Angelika-Jansen_Pokalvase_Keramik.jpg","Pokalvase."
"Angelika Jansen","hEWOpVV05Nk2Wkv6vItJh7","Yes","Objekt.","","https://artaurea.de/wp-content/uploads/2017/09/Angelika-Jansen_Objekt_ceramic.jpg","Angelika-Jansen_Objekt_ceramic.jpg","Objekt."
"Angelika Jansen","hEWOpVV05Nk2Wkv6vItJh7","Yes","Vasenobjekt.","","https://artaurea.de/wp-content/uploads/2017/09/Angelika-Jansen_Vasenobjekt_ceramic-1.jpg","Angelika-Jansen_Vasenobjekt_ceramic-1.jpg","Vasenobjekt."
"Angelika Jansen","hEWOpVV05Nk2Wkv6vItJh7","Yes","Vier Schalen.","","https://artaurea.de/wp-content/uploads/2017/09/Angelika-Jansen_vier-Schalen_ceramic.jpg","Angelika-Jansen_vier-Schalen_ceramic.jpg","Vier Schalen."
"Angelika Jansen","hEWOpVV05Nk2Wkv6vItJh7","Yes","Große Kumme.","","https://artaurea.de/wp-content/uploads/2017/09/Angelika-Jansen_grosse-Kumme_Keramik.jpg","Angelika-Jansen_grosse-Kumme_Keramik.jpg","Große Kumme."
"Angelika Jansen","hEWOpVV05Nk2Wkv6vItJh7","Yes","Objekt.","","https://artaurea.de/wp-content/uploads/2017/09/Angelika-Jansen_Objekt_Keramik.jpg","Angelika-Jansen_Objekt_Keramik.jpg","Objekt."
"Angelika Jansen","hEWOpVV05Nk2Wkv6vItJh7","Yes","Gefäßobjekt.","","https://artaurea.de/wp-content/uploads/2017/09/Angelika-Jansen_Gefaessobjekt_Keramik.jpg","Angelika-Jansen_Gefaessobjekt_Keramik.jpg","Gefäßobjekt."
"Angelika Jansen","hEWOpVV05Nk2Wkv6vItJh7","Yes","Gefäß.","","https://artaurea.de/wp-content/uploads/2017/09/Angelika-Jansen_Gefaess_Objekt_Keramik-2.jpg","Angelika-Jansen_Gefaess_Objekt_Keramik-2.jpg","Gefäß."
"Anne Ute Kaden","MnHq3gipaho0Iv07wkSFiq","Yes","Eheringe. Gold 585, in Sand geschmolzen.","","https://artaurea.de/wp-content/uploads/2020/04/Anne-Ute-Kaden_Schmuck_Alloy-925_8.jpg","Anne-Ute-Kaden_Schmuck_Alloy-925_8.jpg","Eheringe. Gold 585, in Sand geschmolzen."
"Anne Ute Kaden","MnHq3gipaho0Iv07wkSFiq","Yes","Becherpaar. Silber 925, geschmiedet.","","https://artaurea.de/wp-content/uploads/2020/04/Anne-Ute-Kaden_Schmuck_Alloy-925_12.jpg","Anne-Ute-Kaden_Schmuck_Alloy-925_12.jpg","Becherpaar. Silber 925, geschmiedet."
"Anne Ute Kaden","MnHq3gipaho0Iv07wkSFiq","Yes","Milch und Zucker. Silber 925, geschmiedet, montiert.","","https://artaurea.de/wp-content/uploads/2020/04/Anne-Ute-Kaden_Milch-und-Zucker.jpg","Anne-Ute-Kaden_Milch-und-Zucker.jpg","Milch und Zucker. Silber 925, geschmiedet, montiert."
"Anne Ute Kaden","MnHq3gipaho0Iv07wkSFiq","Yes","Vierteiliges Besteck. Messing, Edelstahl, versilbert, geschmiedet, montiert.","","https://artaurea.de/wp-content/uploads/2020/04/Anne-Ute-Kaden_Besteck.jpg","Anne-Ute-Kaden_Besteck.jpg","Vierteiliges Besteck. Messing, Edelstahl, versilbert, geschmiedet, montiert."
"Si-Sook Kang","hEWOpVV05Nk2Wkv6vItKt9","Yes","Gefäß. Porzellan mit Seladonglasur.","","https://artaurea.de/wp-content/uploads/2013/12/Hwang-Kang-gefaess2.jpg","Hwang-Kang-gefaess2.jpg","Gefäß. Porzellan mit Seladonglasur."
"Robert Korsikowski","hEWOpVV05Nk2Wkv6vItLwT","Yes","Herstellungsprozess. Trichterzinkung in Eichenholz.","","https://artaurea.de/wp-content/uploads/2023/06/Robert-Korsikowski_Trichterzinkung-in-Eichenholz.jpg","Robert-Korsikowski_Trichterzinkung-in-Eichenholz.jpg","Herstellungsprozess. Trichterzinkung in Eichenholz. "
"Susanna Kuschek","hEWOpVV05Nk2Wkv6vItMIF","Yes","Halsschmuck nn, 2013. Silber. Foto: Michael Zalewski","2013","https://artaurea.de/wp-content/uploads/2013/11/nn.jpg","nn.jpg","Halsschmuck nn, 2013. Silber. Foto: Michael Zalewski"
"Dominique Labordery","hEWOpVV05Nk2Wkv6vItqDP","Yes","Ringobjekt One (Eins). Geschwärztes Silber, Diamant.","","https://artaurea.de/wp-content/uploads/2015/02/one_c_print.jpg","one_c_print.jpg","Ringobjekt One (Eins). Geschwärztes Silber, Diamant."
"Dominique Labordery","hEWOpVV05Nk2Wkv6vItqDP","Yes","Tragbares Objekt C_C. Pulverbeschichtetes Silber.","","https://artaurea.de/wp-content/uploads/2015/03/C-C_d_print.jpg","C-C_d_print.jpg","Tragbares Objekt C_C. Pulverbeschichtetes Silber."
"Dominique Labordery","hEWOpVV05Nk2Wkv6vItqDP","Yes","Ringobjekt e. Silber, Feinsilber.","","https://artaurea.de/wp-content/uploads/2015/02/7_e-ring_300dpi.jpg","7_e-ring_300dpi.jpg","Ringobjekt e. Silber, Feinsilber."
"Lut Laleman","hEWOpVV05Nk2Wkv6vItMe1","Yes","Gefäße Lilien. Porzellan.","","https://artaurea.de/wp-content/uploads/2013/12/lut-laleman-lilien.jpg","lut-laleman-lilien.jpg","Gefäße Lilien. Porzellan."
"Lut Laleman","hEWOpVV05Nk2Wkv6vItMe1","Yes","Gefäße Inersection V. Porzellan.","","https://artaurea.de/wp-content/uploads/2013/12/lut-laleman-intersection-v.jpg","lut-laleman-intersection-v.jpg","Gefäße Inersection V. Porzellan. 37 x 3,5 cm, 33 x 3,5 cm. "
"Lut Laleman","hEWOpVV05Nk2Wkv6vItMe1","Yes","Gefäße. Porzellan.","","https://artaurea.de/wp-content/uploads/2013/12/lut-laleman-gefaesse.jpg","lut-laleman-gefaesse.jpg","Gefäße. Porzellan. 20 x 7,5 cm, 18,5 x 11 cm. "
"Kristiina Lassus","MnHq3gipaho0Iv07wkSGry","Yes","Otane DGR","","https://artaurea.de/wp-content/uploads/2015/06/2a_-RUGS-KRISTIINA-LASSUS-Otane-DGR-_A-_2011_-RGB.jpg","2a_-RUGS-KRISTIINA-LASSUS-Otane-DGR-_A-_2011_-RGB.jpg","Otane DGR"
"Kristiina Lassus","MnHq3gipaho0Iv07wkSGry","Yes","Otane DGR","","https://artaurea.de/wp-content/uploads/2015/06/2b_-Rugs-Kristiina-Lassus_-Amb-Otane-DGR_-300dpi-15cm.jpg","2b_-Rugs-Kristiina-Lassus_-Amb-Otane-DGR_-300dpi-15cm.jpg","Otane DGR"
"Kristiina Lassus","MnHq3gipaho0Iv07wkSGry","Yes","Okoa NL2","","https://artaurea.de/wp-content/uploads/2015/06/3a_-RUGS-KRISTIINA-LASSUS-_Okoa-NL2-_B-_2011.jpg","3a_-RUGS-KRISTIINA-LASSUS-_Okoa-NL2-_B-_2011.jpg","Okoa NL2
"
"Kristiina Lassus","MnHq3gipaho0Iv07wkSGry","Yes","Okoa MO3","","https://artaurea.de/wp-content/uploads/2015/06/3b_-RUGS-KRISTIINA-LASSUS-_Okoa-MO3-_B_2011-_RGB.jpg","3b_-RUGS-KRISTIINA-LASSUS-_Okoa-MO3-_B_2011-_RGB.jpg","Okoa MO3"
"Kristiina Lassus","MnHq3gipaho0Iv07wkSGry","Yes","Kuuma WH","","https://artaurea.de/wp-content/uploads/2015/06/3c_-RUGS-KRISTIINA-LASSUS-_Kuuma-WH-_A2-_2011.jpg","3c_-RUGS-KRISTIINA-LASSUS-_Kuuma-WH-_A2-_2011.jpg","Kuuma WH"
"Kristiina Lassus","MnHq3gipaho0Iv07wkSGry","Yes","Oyo NL1","","https://artaurea.de/wp-content/uploads/2015/06/4_-RUGS-KRISTIINA-LASSUS-_Oyo-NL1.jpg","4_-RUGS-KRISTIINA-LASSUS-_Oyo-NL1.jpg","Oyo NL1"
"Kristiina Lassus","MnHq3gipaho0Iv07wkSGry","Yes","Onoko NL2","","https://artaurea.de/wp-content/uploads/2015/06/5_-RUGS-KRISTIINA-LASSUS-_Onoko-NL2.jpg","5_-RUGS-KRISTIINA-LASSUS-_Onoko-NL2.jpg"," Onoko NL2"
"Kristiina Lassus","MnHq3gipaho0Iv07wkSGry","Yes","Bukuma WH","","https://artaurea.de/wp-content/uploads/2015/06/6_-RUGS-KRISTIINA-LASSUS_BUKUMA-_WH.jpg","6_-RUGS-KRISTIINA-LASSUS_BUKUMA-_WH.jpg","Bukuma WH"
"Kristiina Lassus","MnHq3gipaho0Iv07wkSGry","Yes","Akana DGR","","https://artaurea.de/wp-content/uploads/2015/06/7_-RUGS-KRISTIINA-LASSUS_AKANA-_DGR.jpg","7_-RUGS-KRISTIINA-LASSUS_AKANA-_DGR.jpg","Akana DGR"
"Kristiina Lassus","MnHq3gipaho0Iv07wkSGry","Yes","Konko DGR","","https://artaurea.de/wp-content/uploads/2015/06/8_-RUGS-KRISTIINA-LASSUS-_Konko-DGR-_B-_2011-_-CMYK.jpg","8_-RUGS-KRISTIINA-LASSUS-_Konko-DGR-_B-_2011-_-CMYK.jpg","Konko DGR"
"Kristiina Lassus","MnHq3gipaho0Iv07wkSGry","Yes","Uele BLUGR","","https://artaurea.de/wp-content/uploads/2015/06/11_-Rugs-Kristiina-Lassus_-UELE-BLUGR.jpg","11_-Rugs-Kristiina-Lassus_-UELE-BLUGR.jpg","Uele BLUGR"
"Kristiina Lassus","MnHq3gipaho0Iv07wkSGry","Yes","Uele NL","","https://artaurea.de/wp-content/uploads/2015/06/11a_-RUGS-KRISTIINA-LASSUS-_Uele-NL.jpg","11a_-RUGS-KRISTIINA-LASSUS-_Uele-NL.jpg"," Uele NL"
"Kristiina Lassus","MnHq3gipaho0Iv07wkSGry","Yes","Ululu SLT","","https://artaurea.de/wp-content/uploads/2015/06/12_-RUGS-KRISTIINA-LASSUS-_Ululu-ST.jpg","12_-RUGS-KRISTIINA-LASSUS-_Ululu-ST.jpg","Ululu SLT"
"Kristiina Lassus","MnHq3gipaho0Iv07wkSGry","Yes","Koy SLT","","https://artaurea.de/wp-content/uploads/2015/06/13_-RUGS-KRISTIINA-LASSUS-_Koy-ST.jpg","13_-RUGS-KRISTIINA-LASSUS-_Koy-ST.jpg","Koy SLT
"
"Kristiina Lassus","MnHq3gipaho0Iv07wkSGry","Yes","Loom LS / design J.Gullichsen","","https://artaurea.de/wp-content/uploads/2015/06/14_-RUGS-KRISTIINA-LASSUS-_Loom-LS_High.jpg","14_-RUGS-KRISTIINA-LASSUS-_Loom-LS_High.jpg","Loom LS / design J.Gullichsen"
"Minsoo Lee","hEWOpVV05Nk2Wkv6vItMr5","Yes","Gefäße +,-, 2016, Engobe, Porzellan, äußeres Gefäß Ø 42 cm, H 16 cm.","2016","https://artaurea.de/wp-content/uploads/2014/11/Minsoo-Lee_Ceramic-Art_01.jpg","Minsoo-Lee_Ceramic-Art_01.jpg","Gefäße +,-, 2016, Engobe, Porzellan, äußeres Gefäß Ø 42 cm, H 16 cm."
"Minsoo Lee","hEWOpVV05Nk2Wkv6vItMr5","Yes","Gefäße +,-, Detail, 2016, Engobe, Porzellan, äußeres Gefäß Ø 42 cm, H 16 cm.","2016","https://artaurea.de/wp-content/uploads/2014/11/Minsoo-Lee_Ceramic-Art_02.jpg","Minsoo-Lee_Ceramic-Art_02.jpg","Gefäße +,-, Detail, 2016, Engobe, Porzellan, äußeres Gefäß Ø 42 cm, H 16 cm."
"Minsoo Lee","hEWOpVV05Nk2Wkv6vItMr5","Yes","Gefäße +,-, 2016, Engobe, Porzellan, äußeres Gefäß Ø 36 cm, H 14 cm.","2016","https://artaurea.de/wp-content/uploads/2014/11/Minsoo-Lee_Ceramic-Art_03.jpg","Minsoo-Lee_Ceramic-Art_03.jpg","Gefäße +,-, 2016, Engobe, Porzellan, äußeres Gefäß Ø 36 cm, H 14 cm."
"Minsoo Lee","hEWOpVV05Nk2Wkv6vItMr5","Yes","Gefäße +,-, 2017, Engobe, Porzellan, äußeres Gefäß Ø 42 cm, H 12 cm.","2017","https://artaurea.de/wp-content/uploads/2014/11/Minsoo-Lee_Ceramic-Art_04.jpg","Minsoo-Lee_Ceramic-Art_04.jpg","Gefäße +,-, 2017, Engobe, Porzellan, äußeres Gefäß Ø 42 cm, H 12 cm."
"Minsoo Lee","hEWOpVV05Nk2Wkv6vItMr5","Yes","Gefäße +,-, 2015, Engobe, Porzellan, äußeres Gefäß Ø 36 cm, H 17 cm.","2015","https://artaurea.de/wp-content/uploads/2014/11/Minsoo-Lee_Ceramic-Art_06.jpg","Minsoo-Lee_Ceramic-Art_06.jpg","Gefäße +,-, 2015, Engobe, Porzellan, äußeres Gefäß Ø 36 cm, H 17 cm."
"Minsoo Lee","hEWOpVV05Nk2Wkv6vItMr5","Yes","Gefäße +,-, Detail, 2015, Engobe, Porzellan, äußeres Gefäß Ø 36 cm, H 17 cm.","2015","https://artaurea.de/wp-content/uploads/2014/11/Minsoo-Lee_Ceramic-Art_07.jpg","Minsoo-Lee_Ceramic-Art_07.jpg","Gefäße +,-, Detail, 2015, Engobe, Porzellan, äußeres Gefäß Ø 36 cm, H 17 cm."
"Minsoo Lee","hEWOpVV05Nk2Wkv6vItMr5","Yes","Gefäße +,-, 2013, Engobe, Porzellan, äußeres Gefäß Ø 36 cm, H 17 cm.","2013","https://artaurea.de/wp-content/uploads/2014/11/Minsoo-Lee_Ceramic-Art_09.jpg","Minsoo-Lee_Ceramic-Art_09.jpg","Gefäße +,-, 2013, Engobe, Porzellan, äußeres Gefäß Ø 36 cm, H 17 cm."
"Minsoo Lee","hEWOpVV05Nk2Wkv6vItMr5","Yes","Gefäße +,-, 2016, Engobe, Porzellan, äußeres Gefäß Ø 36 cm, H 17 cm.","2016","https://artaurea.de/wp-content/uploads/2014/11/Minsoo-Lee_Ceramic-Art_10.jpg","Minsoo-Lee_Ceramic-Art_10.jpg","Gefäße +,-, 2016, Engobe, Porzellan, äußeres Gefäß Ø 36 cm, H 17 cm."
"Ria Lins","5Nnn2PqcEKG4dqRP9h4dbe","Yes","Halskette Bat [Fledermaus], 2012. Silber, Seide. Foto Dries Van den Brande.","2012","https://artaurea.de/wp-content/uploads/2015/04/Bat.jpg","Bat.jpg","Halskette Bat [Fledermaus], 2012. Silber, Seide. Foto Dries Van den Brande."
"Morten Lobner Espersen","hEWOpVV05Nk2Wkv6vItrY9","Yes","Vase MLE, 2013","2013","https://artaurea.de/wp-content/uploads/2015/04/MLE-2013-22-x-19-cm-photo_-def-image.jpg","MLE-2013-22-x-19-cm-photo_-def-image.jpg","Vase MLE, 2013. Keramik, 22x19 cm"
"Morten Lobner Espersen","hEWOpVV05Nk2Wkv6vItrY9","Yes","Vase MLE, 2012","2012","https://artaurea.de/wp-content/uploads/2015/04/Morten-Lobner-Espersen-O.T.-2012-24-x31-cm.jpg","Morten-Lobner-Espersen-O.T.-2012-24-x31-cm.jpg","Vase MLE, 2012. Keramik, 24x31 cm"
"Morten Lobner Espersen","hEWOpVV05Nk2Wkv6vItrY9","Yes","Vase MLE, 2006","2006","https://artaurea.de/wp-content/uploads/2015/04/MLE-2006-39-x-51-cm-photo_-def-image.jpg","MLE-2006-39-x-51-cm-photo_-def-image.jpg","Vase MLE, 2006. Keramik, 39x51 cm "
"Morten Lobner Espersen","hEWOpVV05Nk2Wkv6vItrY9","Yes","Vase MLE, 2013","2013","https://artaurea.de/wp-content/uploads/2015/04/1310-Brutto-Gusto-2-photo_-def-image-Large.jpg","1310-Brutto-Gusto-2-photo_-def-image-Large.jpg","Vase MLE, 2013. Keramik, 25,2 x 22cm"
"Morten Lobner Espersen","hEWOpVV05Nk2Wkv6vItrY9","Yes","Vase MLE, 2013","2013","https://artaurea.de/wp-content/uploads/2015/04/1310-Brutto-Gusto-1-photo_-def-image-Large.jpg","1310-Brutto-Gusto-1-photo_-def-image-Large.jpg","Vase MLE, 2013. Keramik, 31 x 14 cm

"
"Josephine Lützel","29c8c4cb-e7e4-44e4-809a-5716364aba44","Yes","Leuchter, 2014. Silber 925, 36–","2014","https://artaurea.de/wp-content/uploads/2014/08/josephine-lützel-leuchter_09.jpg","josephine-lützel-leuchter_09.jpg","Leuchter, 2014. Silber 925, 36–56 × 36–56 × 21 cm."
"Josephine Lützel","29c8c4cb-e7e4-44e4-809a-5716364aba44","Yes","Kugelkanne, 2012. Silber 925, Ebenholz, Ø 12 cm, H 14 cm, L 20 cm.","2012","https://artaurea.de/wp-content/uploads/2014/08/josephine-lützel-kugelkanne.jpg","josephine-lützel-kugelkanne.jpg","Kugelkanne, 2012. Silber 925, Ebenholz, Ø 12 cm, H 14 cm, L 20 cm."
"Christof Lungwitz","5Nnn2PqcEKG4dqRP9h475e","Yes","Fläche und Winkel. Unikat. Messing, unbehandelt, Ebenholz, geölt. Foto Brigitte Lerho.","","https://artaurea.de/wp-content/uploads/2014/01/christof-lungwitz-flaeche-winkel.jpg","christof-lungwitz-flaeche-winkel.jpg","Fläche und Winkel. Unikat. Messing, unbehandelt, Ebenholz, geölt. Foto Brigitte Lerho."
"Christof Lungwitz","5Nnn2PqcEKG4dqRP9h475e","Yes","Schale für Ideen. Unikat. Amarantholz, gefräst, verleimt, geölt. Foto Brigitte Lerho.","","https://artaurea.de/wp-content/uploads/2014/01/christof-lungwitz-schale-fuer-ideen-gross.jpg","christof-lungwitz-schale-fuer-ideen-gross.jpg","Schale für Ideen. Unikat. Amarantholz, gefräst, verleimt, geölt. Foto Brigitte Lerho."
"Christof Lungwitz","5Nnn2PqcEKG4dqRP9h475e","Yes","Schale für Ideen. Unikat. Amarantholz, gefräst, verleimt, geölt. Detail. Foto Brigitte Lerho.","","https://artaurea.de/wp-content/uploads/2014/01/christof-lungwitz-schale-fuer-ideen.jpg","christof-lungwitz-schale-fuer-ideen.jpg","Schale für Ideen. Unikat. Amarantholz, gefräst, verleimt, geölt. Detail. Foto Brigitte Lerho."
"Christof Lungwitz","5Nnn2PqcEKG4dqRP9h475e","Yes","Tablett","","https://artaurea.de/wp-content/uploads/2014/01/Schale_BLF0372.jpg","Schale_BLF0372.jpg","Tablett"
"Christof Lungwitz","5Nnn2PqcEKG4dqRP9h475e","Yes","Tablett","","https://artaurea.de/wp-content/uploads/2014/01/Schale_BLF0373.jpg","Schale_BLF0373.jpg","Tablett"
"Christof Lungwitz","5Nnn2PqcEKG4dqRP9h475e","Yes","Tablett mit Bechern","","https://artaurea.de/wp-content/uploads/2014/01/Schale-mit-Bechern.jpg","Schale-mit-Bechern.jpg","Tablett mit Bechern"
"Ulrike Mäder","","No","Papierschalen","","https://artaurea.de/wp-content/uploads/2014/12/Paper-Bowls_Ulrike-Mäder.jpg","Paper-Bowls_Ulrike-Mäder.jpg","Papierschalen"
"Ulrike Mäder","","No","Glühfadenobjekt","","https://artaurea.de/wp-content/uploads/2014/12/Glühfadenobjekt_Ulrike-Maeder.jpg","Glühfadenobjekt_Ulrike-Maeder.jpg","Glühfadenobjekt"
"Iris Merkle","5Nnn2PqcEKG4dqRP9h47uk","Yes","Halsschmuck Stethoskop. Aluminium, Kupfer, Kabel, Kunststoff, Mischtechnik
2024.","2024","https://artaurea.de/wp-content/uploads/2014/07/Iris-Merkle_stethoscope_no3_01.jpg","Iris-Merkle_stethoscope_no3_01.jpg","Halsschmuck Stethoskop. Aluminium, Kupfer, Kabel, Kunststoff, Mischtechnik
2024."
"Iris Merkle","5Nnn2PqcEKG4dqRP9h47uk","Yes","Halsschmuck Stethoskop. Aluminium, Kupfer, Kabel, Kunststoff, Mischtechnik
2024.","2024","https://artaurea.de/wp-content/uploads/2014/07/Iris-Merkle_transfer_no3_02.jpg","Iris-Merkle_transfer_no3_02.jpg","Halsschmuck Stethoskop. Aluminium, Kupfer, Kabel, Kunststoff, Mischtechnik
2024."
"Iris Merkle","5Nnn2PqcEKG4dqRP9h47uk","Yes","Halsschmuck Stethoskop, Rückseite. Aluminium, Kupfer, Kabel, Kunststoff, Mischtechnik
2024.","2024","https://artaurea.de/wp-content/uploads/2014/07/Iris-Merkle_transfer_no3_01.jpg","Iris-Merkle_transfer_no3_01.jpg","Halsschmuck Stethoskop, Rückseite. Aluminium, Kupfer, Kabel, Kunststoff, Mischtechnik
2024."
"Iris Merkle","5Nnn2PqcEKG4dqRP9h47uk","Yes","Halsschmuck Stethoskop, Rückseite. Aluminium, Kupfer, Kabel, Kunststoff, Mischtechnik
2024.","2024","https://artaurea.de/wp-content/uploads/2014/07/Iris-Merkle_transfer_no3_detail_01.jpg","Iris-Merkle_transfer_no3_detail_01.jpg","Halsschmuck Stethoskop, Rückseite. Aluminium, Kupfer, Kabel, Kunststoff, Mischtechnik
2024."
"Iris Merkle","5Nnn2PqcEKG4dqRP9h47uk","Yes","Halsschmuck Ohne Titel, 2024. Bronze, Eisen, PVC Kunststoff, Maße Anhänger","2024","https://artaurea.de/wp-content/uploads/2014/07/Iris-Merkle_transfusion_no1_07_2.jpg","Iris-Merkle_transfusion_no1_07_2.jpg","Halsschmuck Ohne Titel, 2024. Bronze, Eisen, PVC Kunststoff, Maße Anhänger 60 x 85 mm, Länge ca. 90 cm."
"Felix Müller","","No","Tisch. Stahl, Multiplexplatte, zentral höhenverstellbar","","https://artaurea.de/wp-content/uploads/2014/10/Tisch-Stahl-Multiplexplatte-zentral-höhenverstellbar-.jpg","Tisch-Stahl-Multiplexplatte-zentral-höhenverstellbar-.jpg","Tisch. Stahl, Multiplexplatte, zentral höhenverstellbar"
"Sabine Müller","","No","Ohrhänger Schneebecherlinge. Silber geschwärzt, roter Kunststoff, 290 €.","","https://artaurea.de/wp-content/uploads/2014/10/Sabine-Müller-1.sb_.1b.sw_.rt_.jpg","Sabine-Müller-1.sb_.1b.sw_.rt_.jpg","Ohrhänger Schneebecherlinge. Silber geschwärzt, roter Kunststoff, 290 €."
"Sabine Müller","","No","Ring Edelbecherling. Silber geschwärzt, Kunststoff, Citrin, 480 €.","","https://artaurea.de/wp-content/uploads/2014/10/Sabine-Müller-3.eb_.r.3b.citr_.jpg","Sabine-Müller-3.eb_.r.3b.citr_.jpg","Ring Edelbecherling. Silber geschwärzt, Kunststoff, Citrin, 480 €."
"Sabine Müller","","No","Ohrhänger Kaviar. Silber goldplattiert, Zuchtperle, 460 €.","","https://artaurea.de/wp-content/uploads/2014/10/Sabine-Müller-4.kav_.gold_.jpg","Sabine-Müller-4.kav_.gold_.jpg","Ohrhänger Kaviar. Silber goldplattiert, Zuchtperle, 460 €."
"Sabine Müller","","No","Ohrhänger Edelbecherlinge. Silber goldplattiert, Kunststoff, 390 €.","","https://artaurea.de/wp-content/uploads/2014/10/Sabine-Müller-5.sb_.gold_.oliv_.jpg","Sabine-Müller-5.sb_.gold_.oliv_.jpg","Ohrhänger Edelbecherlinge. Silber goldplattiert, Kunststoff, 390 €."
"Sabine Müller","","No","Halskette boxes. Silber geschwärzt, Lemoncitrin, 880 €.","","https://artaurea.de/wp-content/uploads/2014/10/Sabine-Müller-6.boxes_.anh_.lem_.jpg","Sabine-Müller-6.boxes_.anh_.lem_.jpg","Halskette boxes. Silber geschwärzt, Lemoncitrin, 880 €."
"Sabine Müller","","No","Halskette boxes. Silber geschwärzt, 430 €.","","https://artaurea.de/wp-content/uploads/2014/10/Sabine-Müller-7.boxes_.anh_.black_.jpg","Sabine-Müller-7.boxes_.anh_.black_.jpg","Halskette boxes. Silber geschwärzt, 430 €."
"Julia Münzing, Schmuque","","No","Kette SAUTOIR BONBON OBSIDIAN. Obsidianperlen, durchgefärbte grünschwarze Porzellanschliesse mit Edelstahlwechselmechanik.","","https://artaurea.de/wp-content/uploads/2019/05/Julia-Muenzing_Schmuckdesign_SAUTOIR-BONBON-OBSIDIAN.jpg","Julia-Muenzing_Schmuckdesign_SAUTOIR-BONBON-OBSIDIAN.jpg","Kette SAUTOIR BONBON OBSIDIAN. Obsidianperlen, durchgefärbte grünschwarze Porzellanschliesse mit Edelstahlwechselmechanik."
"Julia Münzing, Schmuque","","No","Kette NUANCE OBSCURE. Polyolefin, chinesische Zuchtperlen, Porzellansteckschliesse und Eisenoxid.","","https://artaurea.de/wp-content/uploads/2019/05/Julia-Muenzing_Schmuckdesign_NUANCE-CLAIRE-OBSCURE-III.jpg","Julia-Muenzing_Schmuckdesign_NUANCE-CLAIRE-OBSCURE-III.jpg","Kette NUANCE OBSCURE. Polyolefin, chinesische Zuchtperlen, Porzellansteckschliesse und Eisenoxid."
"Julia Münzing, Schmuque","","No","Kette NUANCE CLAIRE. Polyolefin, chinesische Zuchtperlen, Porzellansteckschliesse.","","https://artaurea.de/wp-content/uploads/2019/05/Julia-Muenzing_Schmuckdesign_NUANCE-CLAIRE-OBSCURE-II.jpg","Julia-Muenzing_Schmuckdesign_NUANCE-CLAIRE-OBSCURE-II.jpg","Kette NUANCE CLAIRE. Polyolefin, chinesische Zuchtperlen, Porzellansteckschliesse."
"Julia Münzing, Schmuque","","No","Kette TORTUE AGATE. Achatpolyeder, Ebenholzperlen, Porzellansteckschliesse mit Eisenoxid.","","https://artaurea.de/wp-content/uploads/2019/05/Julia-Muenzing_Schmuckdesign_TORTUE-AGATE.jpg","Julia-Muenzing_Schmuckdesign_TORTUE-AGATE.jpg","Kette TORTUE AGATE. Achatpolyeder, Ebenholzperlen, Porzellansteckschliesse mit Eisenoxid."
"Julia Münzing, Schmuque","","No","Kette TORTUE OR CHATS. Pyrit, historische Bakelitperlen, Steinzeugsteckschliesse.","","https://artaurea.de/wp-content/uploads/2019/05/Julia-Muenzing_Schmuckdesign_TORTUE-BROCANDE.jpg","Julia-Muenzing_Schmuckdesign_TORTUE-BROCANDE.jpg","Kette TORTUE OR CHATS. Pyrit, historische Bakelitperlen, Steinzeugsteckschliesse."
"Julia Münzing, Schmuque","","No","Kette TORTUE CORAL. Schaumkoralle, Porzellansteckschliesse.","","https://artaurea.de/wp-content/uploads/2019/05/Julia-Muenzing_Schmuckdesign_TORTUE-CORAL.jpg","Julia-Muenzing_Schmuckdesign_TORTUE-CORAL.jpg","Kette TORTUE CORAL. Schaumkoralle, Porzellansteckschliesse."
"Julia Münzing, Schmuque","","No","Ringe PNEU. Polyolefin verschiedene Farben, chinesische Zuchtperlen.","","https://artaurea.de/wp-content/uploads/2019/05/Julia-Muenzing_Schmuckdesign_PNEU.jpg","Julia-Muenzing_Schmuckdesign_PNEU.jpg","Ringe PNEU. Polyolefin verschiedene Farben, chinesische Zuchtperlen."
"Julia Münzing, Schmuque","","No","Kette / Armschmuck AMARANT CARPE CAVIAR. Polyamid, Hämatitperlen.","","https://artaurea.de/wp-content/uploads/2019/05/Julia-Muenzing_Schmuckdesign_AMARANT-CARPE-III.jpg","Julia-Muenzing_Schmuckdesign_AMARANT-CARPE-III.jpg","Kette / Armschmuck AMARANT CARPE CAVIAR. Polyamid, Hämatitperlen."
"Julia Münzing, Schmuque","","No","Armschmuck AMARANT BRAC. Edelstahlseil, Hämatitperlen.","","https://artaurea.de/wp-content/uploads/2019/05/Julia-Muenzing_Schmuckdesign_AMARANT-BRAC-I.jpg","Julia-Muenzing_Schmuckdesign_AMARANT-BRAC-I.jpg","Armschmuck AMARANT BRAC. Edelstahlseil, Hämatitperlen."
"Julia Münzing, Schmuque","","No","Kette AMARANT CARPE GLACE. Polyamid, Bergkristallperlen.","","https://artaurea.de/wp-content/uploads/2019/05/Julia-Muenzing_Schmuckdesign_AMARANT-CARPE-II.jpg","Julia-Muenzing_Schmuckdesign_AMARANT-CARPE-II.jpg","Kette AMARANT CARPE GLACE. Polyamid, Bergkristallperlen."
"Julia Münzing, Schmuque","","No","Ringe FLUX AMBROSIA + FAGUS, Pollenringe Beifuss + Buche. Bronzesandguss.","","https://artaurea.de/wp-content/uploads/2019/05/Julia-Muenzing_Schmuckdesign_FLUX-II.jpg","Julia-Muenzing_Schmuckdesign_FLUX-II.jpg","Ringe FLUX AMBROSIA + FAGUS, Pollenringe Beifuss + Buche. Bronzesandguss."
"Julia Münzing, Schmuque","","No","Ringe FLUX PINUS + PICEA + ABIES, Pollenringe Kiefer + Fichte + Tanne. Bronzesandguss.","","https://artaurea.de/wp-content/uploads/2019/05/Julia-Muenzing_Schmuckdesign_FLUX-III.jpg","Julia-Muenzing_Schmuckdesign_FLUX-III.jpg","Ringe FLUX PINUS + PICEA + ABIES, Pollenringe Kiefer + Fichte + Tanne. Bronzesandguss."
"Johannes Nagel","5Nnn2PqcEKG4dqRP9h49wA","Yes","","","https://artaurea.de/wp-content/uploads/2016/04/johannes-nagel-keramik_kunze_web.jpg","johannes-nagel-keramik_kunze_web.jpg",""
"Johannes Nagel","5Nnn2PqcEKG4dqRP9h49wA","Yes","","","https://artaurea.de/wp-content/uploads/2016/04/johannes-nagel-_kunze_web.jpg","johannes-nagel-_kunze_web.jpg",""
"Johannes Nagel","5Nnn2PqcEKG4dqRP9h49wA","Yes","","","https://artaurea.de/wp-content/uploads/2016/04/johannes-nagel-2_kunze_web.jpg","johannes-nagel-2_kunze_web.jpg",""
"Johannes Nagel","5Nnn2PqcEKG4dqRP9h49wA","Yes","","","https://artaurea.de/wp-content/uploads/2014/03/johannes-nagel-gefaess-1-e1399547234667.jpg","johannes-nagel-gefaess-1-e1399547234667.jpg",""
"Johannes Nagel","5Nnn2PqcEKG4dqRP9h49wA","Yes","","","https://artaurea.de/wp-content/uploads/2014/03/johannes-nagel-gefaess-2-e1399547212814.jpg","johannes-nagel-gefaess-2-e1399547212814.jpg",""
"Johannes Nagel","5Nnn2PqcEKG4dqRP9h49wA","Yes","","","https://artaurea.de/wp-content/uploads/2014/03/johannes-nagel-gefaess-3-e1399547195269.jpg","johannes-nagel-gefaess-3-e1399547195269.jpg",""
"Johannes Nagel","5Nnn2PqcEKG4dqRP9h49wA","Yes","","","https://artaurea.de/wp-content/uploads/2014/03/johannes-nagel-gefaess-4.jpg","johannes-nagel-gefaess-4.jpg",""
"Johannes Nagel","5Nnn2PqcEKG4dqRP9h49wA","Yes","","","https://artaurea.de/wp-content/uploads/2014/03/johannes-nagel-gefaess-5.jpg","johannes-nagel-gefaess-5.jpg",""
"Johannes Nagel","5Nnn2PqcEKG4dqRP9h49wA","Yes","","","https://artaurea.de/wp-content/uploads/2014/03/johannes-nagel-gefaess-6.jpg","johannes-nagel-gefaess-6.jpg",""
"Barbara Nanning","","No","Objekt Galaxy (Galaxie). Steinzeug, Sand, Pigment, Lack,","","https://artaurea.de/wp-content/uploads/2014/11/barbara-nanning-14-03b.-57-x-54-x-35-cm-H_web2.jpg","barbara-nanning-14-03b.-57-x-54-x-35-cm-H_web2.jpg","Objekt Galaxy (Galaxie). Steinzeug, Sand, Pigment, Lack, 57 × 54 × 35 cm."
"Barbara Nanning","","No","Objekt Galaxy  (Galaxie). Steinzeug, Sand, Pigment, Lack,","","https://artaurea.de/wp-content/uploads/2014/11/barbara-nanning-007-UITSNEDE_web1.jpg","barbara-nanning-007-UITSNEDE_web1.jpg","Objekt Galaxy  (Galaxie). Steinzeug, Sand, Pigment, Lack, 40 × 45 × 50 cm."
"Barbara Nanning","","No","Objekt Galaxy (Galaxie). Steinzeug, Sand, Pigment, Lack,","","https://artaurea.de/wp-content/uploads/2014/11/barbara-nanning-44-x-44-x-29-cm-H_web1.jpg","barbara-nanning-44-x-44-x-29-cm-H_web1.jpg","Objekt Galaxy (Galaxie). Steinzeug, Sand, Pigment, Lack, 44 × 44 × 29 cm."
"Barbara Nanning","","No","Objekt Terra. Steinzeug, Sand, Pigment, Lack,","","https://artaurea.de/wp-content/uploads/2014/11/barbara-nanning-035-UITSNEDE_web1.jpg","barbara-nanning-035-UITSNEDE_web1.jpg","Objekt Terra. Steinzeug, Sand, Pigment, Lack, 56 × 56 × 18 cm."
"Barbara Nanning","","No","Objekt Terra. Steinzeug, Sand, Pigment, Lack.","","https://artaurea.de/wp-content/uploads/2014/11/barbara-nanning-Terra-5a2.jpg","barbara-nanning-Terra-5a2.jpg","Objekt Terra. Steinzeug, Sand, Pigment, Lack."
"Barbara Nanning","","No","Objekt Terra. Steinzeug, Sand, Pigment, Lack,","","https://artaurea.de/wp-content/uploads/2014/11/barbara-nanning-034_web1.jpg","barbara-nanning-034_web1.jpg","Objekt Terra. Steinzeug, Sand, Pigment, Lack, 44 × 44 × 21 cm."
"Barbara Nanning","","No","Objekt Terra. Steinzeug, Sand, Pigment, Lack,","","https://artaurea.de/wp-content/uploads/2014/11/barbara-nanning-036.-45-x-45-x-13-H_web1.jpg","barbara-nanning-036.-45-x-45-x-13-H_web1.jpg","Objekt Terra. Steinzeug, Sand, Pigment, Lack, 45 × 45 × 13 cm."
"Barbara Nanning","","No","Objekt Terra. Steinzeug, Sand, Pigment, Lack.","","https://artaurea.de/wp-content/uploads/2014/11/barbara-nanning-UITSNEDE1-1431.jpg","barbara-nanning-UITSNEDE1-1431.jpg","Objekt Terra. Steinzeug, Sand, Pigment, Lack."
"Barbara Nanning","","No","Objekt Transmutation. Steinzeug,","","https://artaurea.de/wp-content/uploads/2014/11/barbara-nanning-4.-33-x.18-x-23-cm.-H-contrast_web2.jpg","barbara-nanning-4.-33-x.18-x-23-cm.-H-contrast_web2.jpg","Objekt Transmutation. Steinzeug,  33 × 18 × 23 cm."
"Barbara Nanning","","No","Objekt Transmutation. Steinzeug,","","https://artaurea.de/wp-content/uploads/2014/11/barbara-nanning-01-55-x-45-x-40-H.-Zand-KLEIN_web1.jpg","barbara-nanning-01-55-x-45-x-40-H.-Zand-KLEIN_web1.jpg","Objekt Transmutation. Steinzeug,  55 × 45 × 40 cm."
"Barbara Nanning","","No","Objekt Botanica. Steinzeug, Sand, Pigment, Lack,","","https://artaurea.de/wp-content/uploads/2014/11/barbara-nanning-053_web1.jpg","barbara-nanning-053_web1.jpg","Objekt Botanica. Steinzeug, Sand, Pigment, Lack, 80 × 79 × 42 cm."
"Barbara Nanning","","No","Objekt Botanica. Steinzeug, Polyurethan, Sand, Pigment, Lack,","","https://artaurea.de/wp-content/uploads/2014/10/Bloem-II.B_web.jpg","Bloem-II.B_web.jpg","Objekt Botanica. Steinzeug, Polyurethan, Sand, Pigment, Lack, 165 × 160 × 45 cm. "
"Barbara Nanning","","No","Objekt Cacahouète","","https://artaurea.de/wp-content/uploads/2013/12/Barbara-Nanning-Studioglas-Cacahouète.jpg","Barbara-Nanning-Studioglas-Cacahouète.jpg","Objekt Cacahouète. Glas"
"Barbara Nanning","","No","Objekt Tendresse","","https://artaurea.de/wp-content/uploads/2013/12/Barbara-Nanning-Studioglas-Tendresse-40-x-25-x-47-cm..jpg","Barbara-Nanning-Studioglas-Tendresse-40-x-25-x-47-cm..jpg","Objekt Tendresse. Glas, 40 x 25 x 47 cm"
"neyuQ ceramics / Quyen Mac","","No","Becherset,","","https://artaurea.de/wp-content/uploads/2022/01/neyuQ_ceramics_Quyen-Mac_Becherset_9x9cm-1.jpg","neyuQ_ceramics_Quyen-Mac_Becherset_9x9cm-1.jpg","Becherset, 9 x 9 cm."
"neyuQ ceramics / Quyen Mac","","No","Schwarze Schalen. Unbehandelt,","","https://artaurea.de/wp-content/uploads/2022/01/neyuQ_ceramics_Quyen-Mac_Schwarze_Schalen_unbehandelt_8x185cm.jpg","neyuQ_ceramics_Quyen-Mac_Schwarze_Schalen_unbehandelt_8x185cm.jpg","Schwarze Schalen. Unbehandelt, 8 x 18,5 cm."
"neyuQ ceramics / Quyen Mac","","No","Kugelvase. 8,","","https://artaurea.de/wp-content/uploads/2022/01/neyuQ_ceramics_Quyen-Mac_Kugelvase_85x11cm.jpg","neyuQ_ceramics_Quyen-Mac_Kugelvase_85x11cm.jpg","Kugelvase. 8,5 x 11 cm."
"neyuQ ceramics / Quyen Mac","","No","Schalen, dunkel.","","https://artaurea.de/wp-content/uploads/2022/01/neyuQ_ceramics_Quyen-Mac_Schalen_dunkel_5x18cm.jpg","neyuQ_ceramics_Quyen-Mac_Schalen_dunkel_5x18cm.jpg","Schalen, dunkel. 5 x 18 cm."
"neyuQ ceramics / Quyen Mac","","No","Schalen mit Effektglasur. 6,","","https://artaurea.de/wp-content/uploads/2022/01/neyuQ_ceramics_Quyen-Mac_Schalen_mit_Effektglasur_65x11cm.jpg","neyuQ_ceramics_Quyen-Mac_Schalen_mit_Effektglasur_65x11cm.jpg","Schalen mit Effektglasur. 6,5 x 11 cm."
"neyuQ ceramics / Quyen Mac","","No","Rohlinge. 4,","","https://artaurea.de/wp-content/uploads/2022/01/neyuQ_ceramics_Quyen-Mac_Rohlinge_45x11cm-1.jpg","neyuQ_ceramics_Quyen-Mac_Rohlinge_45x11cm-1.jpg","Rohlinge. 4,5 x 11 cm."
"neyuQ ceramics / Quyen Mac","","No","Kleine Schale. Kristallglasur, 4,","","https://artaurea.de/wp-content/uploads/2022/01/neyuQ_ceramics_Quyen-Mac_Kleine_Schale_Kristallglasur_45x16cm-1.jpg","neyuQ_ceramics_Quyen-Mac_Kleine_Schale_Kristallglasur_45x16cm-1.jpg","Kleine Schale. Kristallglasur, 4,5 x 16 cm."
"neyuQ ceramics / Quyen Mac","","No","Schwarze Vase.","","https://artaurea.de/wp-content/uploads/2022/01/neyuQ_ceramics_Quyen-Mac_Schwarze_Vase_10x65cm-1.jpg","neyuQ_ceramics_Quyen-Mac_Schwarze_Vase_10x65cm-1.jpg","Schwarze Vase. 10 x 6,5 cm."
"neyuQ ceramics / Quyen Mac","","No","Teller, 26 cm.","","https://artaurea.de/wp-content/uploads/2022/01/neyuQ_ceramics_Quyen-Mac_Teller_210107_26cm.jpg","neyuQ_ceramics_Quyen-Mac_Teller_210107_26cm.jpg","Teller, 26 cm."
"Niessing","MnHq3gipaho0Iv07wkSKil","Yes","Armreif Bow. Platin 950. MJC Winner 2011.","2011","https://artaurea.de/wp-content/uploads/2013/11/niessing-armreif-bow.jpg","niessing-armreif-bow.jpg","Armreif Bow. Platin 950. MJC Winner 2011."
"Kazuko Nishibayashi","hEWOpVV05Nk2Wkv6vItQrJ","Yes","Ring ORI-U2. Silber 925","","https://artaurea.de/wp-content/uploads/2017/05/Kazuko-Nishibayashi_Ori-ring_silver.jpg","Kazuko-Nishibayashi_Ori-ring_silver.jpg","Ring ORI-U2. Silber 925"
"Gottfried Palatin","","No","Dosenobjekt Nr. 9. Brasil-rot.","","https://artaurea.de/wp-content/uploads/2019/07/Gottfried-Palatin_Keramikkunst_1.jpg","Gottfried-Palatin_Keramikkunst_1.jpg","Dosenobjekt Nr. 9. Brasil-rot."
"Gottfried Palatin","","No","Dosenobjekt Nr. 2. Tiefes violett-blau.","","https://artaurea.de/wp-content/uploads/2019/07/Gottfried-Palatin_Keramikkunst_2.jpg","Gottfried-Palatin_Keramikkunst_2.jpg","Dosenobjekt Nr. 2. Tiefes violett-blau."
"Gottfried Palatin","","No","Dosenobjekt Nr. 21. Tiber-grün.","","https://artaurea.de/wp-content/uploads/2019/07/Gottfried-Palatin_Keramikkunst_3.jpg","Gottfried-Palatin_Keramikkunst_3.jpg","Dosenobjekt Nr. 21. Tiber-grün."
"Gottfried Palatin","","No","Dosenobjekt Nr. 16. Bristol-gelb.","","https://artaurea.de/wp-content/uploads/2019/07/Gottfried-Palatin_Keramikkunst_4.jpg","Gottfried-Palatin_Keramikkunst_4.jpg","Dosenobjekt Nr. 16. Bristol-gelb."
"Gottfried Palatin","","No","Dosenobjekt Nr. 8. Tiefes violett-blau.","","https://artaurea.de/wp-content/uploads/2019/07/Gottfried-Palatin_Keramikkunst_5.jpg","Gottfried-Palatin_Keramikkunst_5.jpg","Dosenobjekt Nr. 8. Tiefes violett-blau."
"Gottfried Palatin","","No","Dosenobjekt Nr. 37. Seladon.","","https://artaurea.de/wp-content/uploads/2019/07/Gottfried-Palatin_Keramikkunst_6.jpg","Gottfried-Palatin_Keramikkunst_6.jpg","Dosenobjekt Nr. 37. Seladon."
"Gottfried Palatin","","No","Dosenobjekte Nr. 30. Schiefergrau und brasil-rot.","","https://artaurea.de/wp-content/uploads/2019/07/Gottfried-Palatin_Keramikkunst_7.jpg","Gottfried-Palatin_Keramikkunst_7.jpg","Dosenobjekte Nr. 30. Schiefergrau und brasil-rot."
"Gottfried Palatin","","No","Dosenobjekt Nr. 36 Brasil-rot.","","https://artaurea.de/wp-content/uploads/2019/07/Gottfried-Palatin_Keramikkunst_8.jpg","Gottfried-Palatin_Keramikkunst_8.jpg","Dosenobjekt Nr. 36 Brasil-rot."
"Gitta Pielcke","5Nnn2PqcEKG4dqRP9h4CdO","Yes","Rückseiten der Broschen Untragbar, Knochenarbeit, Am Laufenden Band, Käfighaltung","","https://artaurea.de/wp-content/uploads/2014/07/HuhnOderEiVierBroschenRücksMBkleiner.jpg","HuhnOderEiVierBroschenRücksMBkleiner.jpg","Rückseiten der Broschen Untragbar, Knochenarbeit, Am Laufenden Band, Käfighaltung"
"Ulrike Poelk","hEWOpVV05Nk2Wkv6vItSkt","Yes","Ohrschmuck globolous, Silber plattiert.","","https://artaurea.de/wp-content/uploads/2014/04/Ulrike-Poelk_Schmuckdesign_globolous_earrings-silverplated_Art-Aurea-1.jpg","Ulrike-Poelk_Schmuckdesign_globolous_earrings-silverplated_Art-Aurea-1.jpg","Ohrschmuck globolous, Silber plattiert."
"Martin Potsch","5Nnn2PqcEKG4dqRP9h4Dbm","Yes","Vase Ercole allungato, 2021, Harzkristall, H 29 cm.","2021","https://artaurea.de/wp-content/uploads/2017/03/Martin-Potsch_2109.2-01-ARTAUREA.jpeg","Martin-Potsch_2109.2-01-ARTAUREA.jpeg","Vase Ercole allungato, 2021, Harzkristall, H 29 cm."
"Stefanie Prießnitz","5Nnn2PqcEKG4dqRP9h4E3e","Yes","Wolkenbroschen, Silber, Textil, getuftet.","","https://artaurea.de/wp-content/uploads/2014/04/Stefanie-Priessnitz_Schmuckdesign_Wolkenbrosche.jpg","Stefanie-Priessnitz_Schmuckdesign_Wolkenbrosche.jpg","Wolkenbroschen, Silber, Textil, getuftet."
"Stefanie Prießnitz","5Nnn2PqcEKG4dqRP9h4E3e","Yes","Wolkenbroschen, Silber, Textil, getuftet.","","https://artaurea.de/wp-content/uploads/2014/04/Stefanie-Priessnitz_jewelry-design_Wolkenbrosche.jpg","Stefanie-Priessnitz_jewelry-design_Wolkenbrosche.jpg","Wolkenbroschen, Silber, Textil, getuftet."
"Stefanie Prießnitz","5Nnn2PqcEKG4dqRP9h4E3e","Yes","Fadenringe. Gold 750, Brilliant.","","https://artaurea.de/wp-content/uploads/2014/04/stefanie-priessnitz-fadenringe-1.jpg","stefanie-priessnitz-fadenringe-1.jpg","Fadenringe. Gold 750, Brilliant."
"Cornelius Réer","5Nnn2PqcEKG4dqRP9h4EVW","Yes","Doppelwandige Schalen DOTs. Frei am Studioglasofen geformt. Ø 16–28 cm","","https://artaurea.de/wp-content/uploads/2014/01/cornelius-reer-bowls1.jpg","cornelius-reer-bowls1.jpg","Doppelwandige Schalen DOTs. Frei am Studioglasofen geformt. Ø 16–28 cm"
"Cornelius Réer","5Nnn2PqcEKG4dqRP9h4EVW","Yes","Vasenpaar Incalmo","","https://artaurea.de/wp-content/uploads/2014/01/cornelius-reer-vases1.jpg","cornelius-reer-vases1.jpg","Vasenpaar Incalmo"
"Cornelius Réer","5Nnn2PqcEKG4dqRP9h4EVW","Yes","Doppelwandige Schalen DOTs. Frei am Studioglasofen geformt, Überfangtechnik. Ø 16–28 cm","","https://artaurea.de/wp-content/uploads/2014/01/cornelius-reer-bowl1.jpg","cornelius-reer-bowl1.jpg","Doppelwandige Schalen DOTs. Frei am Studioglasofen geformt, Überfangtechnik. Ø 16–28 cm"
"Sabine Reichert","","No","Wenn die Sonne wieder früher untergeht, mischen sich erste Herbstahnungen in die Pracht des Hochsommers.","","https://artaurea.de/wp-content/uploads/2025/10/Sabine-Reichert_August_Schmuckdesign_Stuttgart.jpg","Sabine-Reichert_August_Schmuckdesign_Stuttgart.jpg","Wenn die Sonne wieder früher untergeht, mischen sich erste Herbstahnungen in die Pracht des Hochsommers."
"Sabine Reichert","","No","August, Länge 65 cm.","","https://artaurea.de/wp-content/uploads/2025/10/Sabine-Reichert_August_Schmuckdesign.jpg","Sabine-Reichert_August_Schmuckdesign.jpg","August, Länge 65 cm."
"Sabine Reichert","","No","Nach dem Gedicht Septembermorgen von Eduard Mörike (1827).","","https://artaurea.de/wp-content/uploads/2025/10/Sabine-Reichert_September_Schmuckdesign.jpg","Sabine-Reichert_September_Schmuckdesign.jpg","Nach dem Gedicht Septembermorgen von Eduard Mörike (1827)."
"Sabine Reichert","","No","September, Länge 65 cm.","","https://artaurea.de/wp-content/uploads/2025/10/Sabine-Reichert_September_Detail_Schmuckdesign.jpg","Sabine-Reichert_September_Detail_Schmuckdesign.jpg","September, Länge 65 cm."
"Sabine Reichert","","No","Alte Parkbäume bilden einen leuchtend gelben Raum zur Feier vieler strahlender Herbstfarben. Es ist windig.","","https://artaurea.de/wp-content/uploads/2025/10/Sabine-Reichert_Oktober_Schmuckdesign.jpg","Sabine-Reichert_Oktober_Schmuckdesign.jpg","Alte Parkbäume bilden einen leuchtend gelben Raum zur Feier vieler strahlender Herbstfarben. Es ist windig."
"Sabine Reichert","","No","Oktober, Länge 64 cm.","","https://artaurea.de/wp-content/uploads/2025/10/Sabine-Reichert_Oktober_Detail_Schmuckdesign.jpg","Sabine-Reichert_Oktober_Detail_Schmuckdesign.jpg","Oktober, Länge 64 cm."
"Sabine Reichert","","No","Der Feldahorn trägt als letzter Laubbaum seine leuchtend gelben Blätter, bis er sie in einer einzigen Novembernacht verliert.","","https://artaurea.de/wp-content/uploads/2025/10/Sabine-Reichert_November_Schmuckdesign.jpg","Sabine-Reichert_November_Schmuckdesign.jpg","Der Feldahorn trägt als letzter Laubbaum seine leuchtend gelben Blätter, bis er sie in einer einzigen Novembernacht verliert."
"Sabine Reichert","","No","November, Länge 73 cm.","","https://artaurea.de/wp-content/uploads/2025/10/Sabine-Reichert_November_Detail_Schmuckdesign.jpg","Sabine-Reichert_November_Detail_Schmuckdesign.jpg","November, Länge 73 cm."
"Sabine Reichert","","No","Eine verschneite Wiese. Wintersonne spiegelt sich auf Schnee und Eis, letzte Früchte hängen in kahlen Zweigen, gelegentlich ein Fetzen blauer Himmel, Rodelwetter.","","https://artaurea.de/wp-content/uploads/2025/10/Sabine-Reichert_Januar_Schmuckdesign.jpg","Sabine-Reichert_Januar_Schmuckdesign.jpg","Eine verschneite Wiese. Wintersonne spiegelt sich auf Schnee und Eis, letzte Früchte hängen in kahlen Zweigen, gelegentlich ein Fetzen blauer Himmel, Rodelwetter."
"Sabine Reichert","","No","Januar, Länge 64 cm.","","https://artaurea.de/wp-content/uploads/2025/10/Sabine-Reichert_Januar_Detail_Schmuckdesign.jpg","Sabine-Reichert_Januar_Detail_Schmuckdesign.jpg","Januar, Länge 64 cm."
"Sabine Reichert","","No","Die Narren tupfen Farbe ins Pastell.","","https://artaurea.de/wp-content/uploads/2025/10/Sabine-Reichert_Februar_Schmuckdesign.jpg","Sabine-Reichert_Februar_Schmuckdesign.jpg","Die Narren tupfen Farbe ins Pastell."
"Sabine Reichert","","No","Februar, Länge 72 cm.","","https://artaurea.de/wp-content/uploads/2025/10/Sabine-Reichert_Februar_Detail_Schmuckdesign.jpg","Sabine-Reichert_Februar_Detail_Schmuckdesign.jpg","Februar, Länge 72 cm."
"Sabine Reichert","","No","Eine noch ganz wintermüde Wiese mit ersten Frühlingsblumen.","","https://artaurea.de/wp-content/uploads/2025/10/Sabine-Reichert_Maerz_Schmuckdesign.jpg","Sabine-Reichert_Maerz_Schmuckdesign.jpg","Eine noch ganz wintermüde Wiese mit ersten Frühlingsblumen."
"Sabine Reichert","","No","März, Länge 68 cm.","","https://artaurea.de/wp-content/uploads/2025/10/Sabine-Reichert_Maerz_Detail_Schmuckdesign.jpg","Sabine-Reichert_Maerz_Detail_Schmuckdesign.jpg","März, Länge 68 cm."
"Vera Rhodius","","No","Halskette. Facettiertes Glas, Silber, Feingold plattiert.","","https://artaurea.de/wp-content/uploads/2015/05/hdg1.jpg","hdg1.jpg","Halskette. Facettiertes Glas, Silber, Feingold plattiert."
"Lucie Rie","hEWOpVV05Nk2Wkv6vItuvB","Yes","Tiefe konische Schale & Vase im","","https://artaurea.de/wp-content/uploads/2014/07/13_001.jpg","13_001.jpg","Tiefe konische Schale & Vase im "
"Hendrike Roers","","No","Leuchte Lucella. Japanpapier","","https://artaurea.de/wp-content/uploads/2016/06/02_Hendrike-Roers.jpg","02_Hendrike-Roers.jpg","Leuchte Lucella. Japanpapier"
"Hendrike Roers","","No","Leuchtobjekt Dokadé. Japanpapier","","https://artaurea.de/wp-content/uploads/2016/06/03_Hendrike-Roers_kl.jpg","03_Hendrike-Roers_kl.jpg","Leuchtobjekt Dokadé. Japanpapier"
"Hendrike Roers","","No","Kleinod im Rahmen","","https://artaurea.de/wp-content/uploads/2016/06/04_Hendrike-Roers_k.jpg","04_Hendrike-Roers_k.jpg","Kleinod im Rahmen"
"Hendrike Roers","","No","Objekt Meduse. Architektenfolie","","https://artaurea.de/wp-content/uploads/2016/06/05_Hendrike-Roers_kl.jpg","05_Hendrike-Roers_kl.jpg","Objekt Meduse. Architektenfolie"
"Hendrike Roers","","No","Leuchtobjekt Multipila. Japanpapier","","https://artaurea.de/wp-content/uploads/2016/06/06_Hendrike-Roers.jpg","06_Hendrike-Roers.jpg","Leuchtobjekt Multipila. Japanpapier"
"Hendrike Roers","","No","Bild Multistabiles Netz","","https://artaurea.de/wp-content/uploads/2016/06/07_Hendrike-Roers.jpg","07_Hendrike-Roers.jpg","Bild Multistabiles Netz"
"Kathrin Sättele","MnHq3gipaho0Iv07wkSOyx","Yes","Halsschmuck Wellen. Sterlingsilber 925, geschmiedet.","","https://artaurea.de/wp-content/uploads/2013/11/Kathrin-Saettele.jpg","Kathrin-Saettele.jpg","Halsschmuck Wellen. Sterlingsilber 925, geschmiedet."
"Kathrin Sättele","MnHq3gipaho0Iv07wkSOyx","Yes","Halsschmuck frei schwingend. Gold 750. MJC Winner 2013.","2013","https://artaurea.de/wp-content/uploads/2013/11/kathrin-saettele-halsschmuck2.jpg","kathrin-saettele-halsschmuck2.jpg","Halsschmuck frei schwingend. Gold 750. MJC Winner 2013."
"Kathrin Sättele","MnHq3gipaho0Iv07wkSOyx","Yes","Ohrschmuck Ohrflügel. Gold 750.","","https://artaurea.de/wp-content/uploads/2013/11/kathrin-saettele-ohrschmuck-e1406641527587.jpg","kathrin-saettele-ohrschmuck-e1406641527587.jpg","Ohrschmuck Ohrflügel. Gold 750."
"Nikolay Sardamov","hEWOpVV05Nk2Wkv6vItUip","Yes","Brosche Intersections 1. Bronze, beschichtet, Perlen.","","https://artaurea.de/wp-content/uploads/2014/03/nikolay-sardamov-brooch-intersections-1-1.jpg","nikolay-sardamov-brooch-intersections-1-1.jpg","Brosche Intersections 1. Bronze, beschichtet, Perlen. 8 x 8 x 5 cm. Preis auf Anfrage. Photo: Vencislava Vasileva."
"Nikolay Sardamov","hEWOpVV05Nk2Wkv6vItUip","Yes","Brosche Intersections 5. Bronze, beschichtet, Perlen.","","https://artaurea.de/wp-content/uploads/2014/03/nikolay-sardamov-brooch-intersections-5-1.jpg","nikolay-sardamov-brooch-intersections-5-1.jpg","Brosche Intersections 5. Bronze, beschichtet, Perlen. 7 x 7 x 4,5 cm. Preis auf Anfrage. Photo: Vencislava Vasileva."
"Nikolay Sardamov","hEWOpVV05Nk2Wkv6vItUip","Yes","Brosche Intersections 4. Bronze, beschichtet, Perlen.","","https://artaurea.de/wp-content/uploads/2014/03/nikolay-sardamov-brooch-intersections-4-1.jpg","nikolay-sardamov-brooch-intersections-4-1.jpg","Brosche Intersections 4. Bronze, beschichtet, Perlen. 7 x 7 x 4 cm. Preis auf Anfrage. Photo: Vencislava Vasileva."
"Nikolay Sardamov","hEWOpVV05Nk2Wkv6vItUip","Yes","Brosche Intersections 3. Bronze, beschichtet, Perlen.","","https://artaurea.de/wp-content/uploads/2014/03/nikolay-sardamov-brooch-intersections-3-1.jpg","nikolay-sardamov-brooch-intersections-3-1.jpg","Brosche Intersections 3. Bronze, beschichtet, Perlen. 7 x 7 x 4,5 cm. Preis auf Anfrage. Photo: Vencislava Vasileva."
"Nikolay Sardamov","hEWOpVV05Nk2Wkv6vItUip","Yes","Brosche Intersections 2. Bronze, beschichtet, Perlen.","","https://artaurea.de/wp-content/uploads/2014/03/nikolay-sardamov-brooch-intersections-2-1.jpg","nikolay-sardamov-brooch-intersections-2-1.jpg","Brosche Intersections 2. Bronze, beschichtet, Perlen. 6 x 6 x 4 cm. Preis auf Anfrage. Photo: Vencislava Vasileva."
"Oliver Schmidt","5Nnn2PqcEKG4dqRP9h4g9a","Yes","Rings Fourever. Gold.","","https://artaurea.de/wp-content/uploads/2014/11/os_fourever_gold_lgt.br_.jpg","os_fourever_gold_lgt.br_.jpg","Rings Fourever. Gold."
"Oliver Schmidt","5Nnn2PqcEKG4dqRP9h4g9a","Yes","Ösenkette. Geschwärzter Stahl, Gold.","","https://artaurea.de/wp-content/uploads/2014/11/os_ösenkette.jpg","os_ösenkette.jpg","Ösenkette. Geschwärzter Stahl, Gold."
"Oliver Schmidt","5Nnn2PqcEKG4dqRP9h4g9a","Yes","Blätterohrschmuck. Gold.","","https://artaurea.de/wp-content/uploads/2014/11/os_blätterohrschmuck_gold.jpg","os_blätterohrschmuck_gold.jpg","Blätterohrschmuck. Gold."
"Claudia Schoemig","MnHq3gipaho0Iv07wkSuhA","Yes","HAVEN Gefäße.","","https://artaurea.de/wp-content/uploads/2016/11/Claudia-Schoemig_HAVEN-Gefaesse-scaled.jpg","Claudia-Schoemig_HAVEN-Gefaesse-scaled.jpg","HAVEN Gefäße."
"Claudia Schoemig","MnHq3gipaho0Iv07wkSuhA","Yes","HAVEN Gefäße.","","https://artaurea.de/wp-content/uploads/2016/11/Claudia-Schoemig_Keramikkunst_HAVEN-Gefaesse-scaled.jpg","Claudia-Schoemig_Keramikkunst_HAVEN-Gefaesse-scaled.jpg","HAVEN Gefäße."
"Nicole Schuster","","No","Brosche Kraftwerk. Silber geschwärzt, Stahl, pinke Saphire, Seepocken, Lack. Ca. 825 Euro.","","https://artaurea.de/wp-content/uploads/2013/11/nicole-schuster-brooch-kraftwerk2.jpg","nicole-schuster-brooch-kraftwerk2.jpg","Brosche Kraftwerk. Silber geschwärzt, Stahl, pinke Saphire, Seepocken, Lack. Ca. 825 Euro."
"Nicole Schuster","","No","Ohrschmuck The Highway. Silber geschwärzt, gelbe Saphire. Ca. 700 Euro.","","https://artaurea.de/wp-content/uploads/2013/11/nicole-schuster-ohrschmuck-the-highway.jpg","nicole-schuster-ohrschmuck-the-highway.jpg","Ohrschmuck The Highway. Silber geschwärzt, gelbe Saphire. Ca. 700 Euro."
"Johanna Schweizer","hEWOpVV05Nk2Wkv6vItV8x","Yes","Lobotomie , 2013,","2013","https://artaurea.de/wp-content/uploads/2015/07/peter-cox-2013lobotomie.-011.jpg","peter-cox-2013lobotomie.-011.jpg","Lobotomie , 2013, 27 x 25 x 18 cm, Baumwolle Polyester"
"Simply Wear","","No","Mantel CIRCLEEGG. Schwarz, mit weißen Kreisen. 499 €. Photo Miriam Künzli","","https://artaurea.de/wp-content/uploads/2015/06/StefanieWiebelhaus01_MKuenzli2.jpg","StefanieWiebelhaus01_MKuenzli2.jpg","Mantel CIRCLEEGG. Schwarz, mit weißen Kreisen. 499 €. Photo Miriam Künzli"
"Simply Wear","","No","Mantel Redline. Grau, mit rotem Ripsband. 499 €. Photo Miriam Künzli","","https://artaurea.de/wp-content/uploads/2015/06/StefanieWiebelhaus02_MKuenzli2.jpg","StefanieWiebelhaus02_MKuenzli2.jpg","Mantel Redline. Grau, mit rotem Ripsband. 499 €. Photo Miriam Künzli"
"Simply Wear","","No","Wendecape Two Ways. Schwarz, mit Metallstäben, Seide, Schurwollsatin. 449 €. Photo Miriam Künzli","","https://artaurea.de/wp-content/uploads/2015/06/StefanieWiebelhaus03_MKuenzli2.jpg","StefanieWiebelhaus03_MKuenzli2.jpg","Wendecape Two Ways. Schwarz, mit Metallstäben, Seide, Schurwollsatin. 449 €. Photo Miriam Künzli"
"Simply Wear","","No","Overall Jumpsuit. Seidenjersey. 699 €","","https://artaurea.de/wp-content/uploads/2015/06/D3B5562.jpg","D3B5562.jpg","Overall Jumpsuit. Seidenjersey. 699 €"
"Simply Wear","","No","Abendkleid Red Riding Dress. Seide. 1399 €","","https://artaurea.de/wp-content/uploads/2015/06/D3B5717.jpg","D3B5717.jpg","Abendkleid Red Riding Dress. Seide. 1399 €"
"Simply Wear","","No","Hosenanzug Experience. 539 €","","https://artaurea.de/wp-content/uploads/2015/06/D3B6014.jpg","D3B6014.jpg","Hosenanzug Experience. 539 €"
"Pia Sommerlad","","No","Halsschmuck aus der Linie mikromakro. Emaille auf Kupfer, Textilband und Silber geschwärzt. Vorderseite","","https://artaurea.de/wp-content/uploads/2014/04/artaurea_mikromakro_Oval_horizontal_Rücks.jpg","artaurea_mikromakro_Oval_horizontal_Rücks.jpg","Halsschmuck aus der Linie mikromakro. Emaille auf Kupfer, Textilband und Silber geschwärzt. Vorderseite"
"Pia Sommerlad","","No","Halskette balance. Amethyst und Silber geschwärzt","","https://artaurea.de/wp-content/uploads/2014/04/pia-sommerlad-kette-balance1.jpg","pia-sommerlad-kette-balance1.jpg","Halskette balance. Amethyst und Silber geschwärzt"
"Stefan Prattes, Juustdesign","","No","Wanderbox 2.0","","https://artaurea.de/wp-content/uploads/2017/12/Stefan-Prattes_Wanderbox-2.0_furniture_1.jpg","Stefan-Prattes_Wanderbox-2.0_furniture_1.jpg","Wanderbox 2.0"
"Stefan Prattes, Juustdesign","","No","Wanderbox 2.0","","https://artaurea.de/wp-content/uploads/2017/12/Stefan-Prattes_Wanderbox-2.0_furniture_2.jpg","Stefan-Prattes_Wanderbox-2.0_furniture_2.jpg","Wanderbox 2.0"
"Stefan Prattes, Juustdesign","","No","Wanderbox 2.0","","https://artaurea.de/wp-content/uploads/2017/12/Stefan-Prattes_Wanderbox-2.0_furniture_3.jpg","Stefan-Prattes_Wanderbox-2.0_furniture_3.jpg","Wanderbox 2.0"
"Stefan Prattes, Juustdesign","","No","Wanderbox 2.0","","https://artaurea.de/wp-content/uploads/2017/12/Stefan-Prattes_Wanderbox-2.0_furniture_4.jpg","Stefan-Prattes_Wanderbox-2.0_furniture_4.jpg","Wanderbox 2.0"
"Katja Stelz","","No","Wolldecke m, 2013/14. Variationen, reine Schurwollle","2013","https://artaurea.de/wp-content/uploads/2014/01/katja-stelz-textil-2.jpg","katja-stelz-textil-2.jpg","Wolldecke m, 2013/14. Variationen, reine Schurwollle"
"Eva Strepp","5Nnn2PqcEKG4dqRP9h4QnK","Yes","Halskette Perlen. Stahlseil, zwei Süßwasserperlen.","","https://artaurea.de/wp-content/uploads/2013/11/eva-strepp-halsschmuck-perlen1.jpg","eva-strepp-halsschmuck-perlen1.jpg","Halskette Perlen. Stahlseil, zwei Süßwasserperlen."
"Eva Strepp","5Nnn2PqcEKG4dqRP9h4QnK","Yes","Armschmuck Tau. Süßwasserperlen, Stahl vergoldet.","","https://artaurea.de/wp-content/uploads/2013/11/Eva-Strepp_Schmuckdesign_Armschmuck-Tau_Art-Aurea-1.jpg","Eva-Strepp_Schmuckdesign_Armschmuck-Tau_Art-Aurea-1.jpg","Armschmuck Tau. Süßwasserperlen, Stahl vergoldet."
"Eva Strepp","5Nnn2PqcEKG4dqRP9h4QnK","Yes","Ringe Duo. Süßwasser- und Tahitiperle, Silber rhodiniert, Gelbgold 750.","","https://artaurea.de/wp-content/uploads/2013/11/Eva-Strepp_Schmuckdesign_Ringe-Duo_Art-Aurea-1.jpg","Eva-Strepp_Schmuckdesign_Ringe-Duo_Art-Aurea-1.jpg","Ringe Duo. Süßwasser- und Tahitiperle, Silber rhodiniert, Gelbgold 750."
"Eva Strepp","5Nnn2PqcEKG4dqRP9h4QnK","Yes","Armreife Two. Süßwasserperlen, Edelstahl, z.t. vergoldet, Magnet.","","https://artaurea.de/wp-content/uploads/2013/11/Eva-Strepp_Schmuckdesign_Armreife-Two_Art-Aurea-1.jpg","Eva-Strepp_Schmuckdesign_Armreife-Two_Art-Aurea-1.jpg","Armreife Two. Süßwasserperlen, Edelstahl, z.t. vergoldet, Magnet."
"Studio Formafantasma","","No","Sessel Domestica, 2011. Verschiedene Materialien. Dilmos Gallery. Photo: Luisa Zanzani.","2011","https://artaurea.de/wp-content/uploads/2013/10/studio-formafantasma-domestica-e1399912815669.jpg","studio-formafantasma-domestica-e1399912815669.jpg","Sessel Domestica, 2011. Verschiedene Materialien. Dilmos Gallery. Photo: Luisa Zanzani."
"Studio Formafantasma","","No","Tuch, Kollektion Turkish Red, 2013. Seide, gefärbt mit Krapp. Photo: Federico Floriani.","2013","https://artaurea.de/wp-content/uploads/2013/10/studio-formafantasma-turkish-red-e1399914011877.jpg","studio-formafantasma-turkish-red-e1399914011877.jpg","Tuch, Kollektion Turkish Red, 2013. Seide, gefärbt mit Krapp. Photo: Federico Floriani. "
"Dagmar Stühler","","No","Ring. Feingold, 14,5 mm.","","https://artaurea.de/wp-content/uploads/2013/11/Dagmar-Stuehler_Schmuckdesign_Ring-Gold-900-1.jpg","Dagmar-Stuehler_Schmuckdesign_Ring-Gold-900-1.jpg","Ring. Feingold, 14,5 mm."
"Elisa Stützle-Siegsmund","5Nnn2PqcEKG4dqRP9h4Rh4","Yes","Große Kugelform, Höhe ca 35cm, Durchmesser ca 50 cm.","","https://artaurea.de/wp-content/uploads/2017/05/Elisa-Stuetzle-Siegsmund_Keramik-1.jpg","Elisa-Stuetzle-Siegsmund_Keramik-1.jpg","Große Kugelform, Höhe ca 35cm, Durchmesser ca 50 cm."
"Anna Sykora","","No","Teebecher, Serie Mara. Porzellan, Terra Sigillata, H 7,5 cm.","","https://artaurea.de/wp-content/uploads/2013/12/Anna-Sykora_Becher-1.jpg","Anna-Sykora_Becher-1.jpg","Teebecher, Serie Mara. Porzellan, Terra Sigillata, H 7,5 cm."
"Anna Sykora","","No","Vase, Serie Mara. Porzellan, Terra Sigillata, H 21 cm.","","https://artaurea.de/wp-content/uploads/2013/12/Anna-Sykora_Vase-1.jpg","Anna-Sykora_Vase-1.jpg","Vase, Serie Mara. Porzellan, Terra Sigillata, H 21 cm."
"Anna Sykora","","No","Tee-Becher Seashell, 2012. Porzellan, Terra Sigillata, H 7 cm. Photo Bernd Kuhnert.","2012","https://artaurea.de/wp-content/uploads/2013/12/anna-sykora-seashell-teab1.jpg","anna-sykora-seashell-teab1.jpg","Tee-Becher Seashell, 2012. Porzellan, Terra Sigillata, H 7 cm. Photo Bernd Kuhnert."
"Anna Sykora","","No","Tee-Becher Seashell, 2012. Porzellan, Terra Sigillata, H 7 cm. Photo Bernd Kuhnert.","2012","https://artaurea.de/wp-content/uploads/2013/12/anna-sykora-seashell-teabowl1.jpg","anna-sykora-seashell-teabowl1.jpg","Tee-Becher Seashell, 2012. Porzellan, Terra Sigillata, H 7 cm. Photo Bernd Kuhnert."
"Erik Urbschat","","No","Igelring. Gold 750.","","https://artaurea.de/wp-content/uploads/2014/06/erik-urbschat-ring-igel2.jpg","erik-urbschat-ring-igel2.jpg","Igelring. Gold 750."
"Tora Urup","5Nnn2PqcEKG4dqRP9h4UlW","Yes","Objekt mit rauchgrünen und klaren Schichten, 2014","2014","https://artaurea.de/wp-content/uploads/2014/06/2.Smokegrey-and-clear-layers.h10x-w31-cm.TU2014.Photo_.Stuart-McIntyre.jpg","2.Smokegrey-and-clear-layers.h10x-w31-cm.TU2014.Photo_.Stuart-McIntyre.jpg","Objekt mit rauchgrünen und klaren Schichten, 2014. Glas, H 10 x Ø 31 cm. Photo Stuart McIntyre"
"Tora Urup","5Nnn2PqcEKG4dqRP9h4UlW","Yes","Matter Zylinder mit azurblauer schwebender Schale, 2014","2014","https://artaurea.de/wp-content/uploads/2014/06/Tora-Urup-Mat-Cylinder-with-floating-azureblue-bowl-2014.-Glass-H-12-x-W-17-cm.-Photo-Stuart-McIntyre.jpg","Tora-Urup-Mat-Cylinder-with-floating-azureblue-bowl-2014.-Glass-H-12-x-W-17-cm.-Photo-Stuart-McIntyre.jpg","Matter Zylinder mit azurblauer schwebender Schale, 2014. Glas, H 12 x Ø 17 cm. Photo Stuart McIntyre"
"Tora Urup","5Nnn2PqcEKG4dqRP9h4UlW","Yes","Schale zwischen Erde und Himmel, 2015","2015","https://artaurea.de/wp-content/uploads/2014/06/Tora-Urup-Dish-between-Earth-and-Sky-2015.-Glass.-H-5-x-W-28.-Photo-Stuart-McIntyre.jpg","Tora-Urup-Dish-between-Earth-and-Sky-2015.-Glass.-H-5-x-W-28.-Photo-Stuart-McIntyre.jpg","Schale zwischen Erde und Himmel, 2015. Glas, H 5 x Ø 28 cm. Photo Stuart McIntyre"
"Tora Urup","5Nnn2PqcEKG4dqRP9h4UlW","Yes","Zylinder mit schwebender cyangrauer Schale, 2014","2014","https://artaurea.de/wp-content/uploads/2014/06/Tora-Urup-Cylinder-with-floating-Cyangrey-bowl-2014.-Glass-H-15-x-W-20-cm.-Photo-Stuart-McIntyre.jpg","Tora-Urup-Cylinder-with-floating-Cyangrey-bowl-2014.-Glass-H-15-x-W-20-cm.-Photo-Stuart-McIntyre.jpg","Zylinder mit schwebender cyangrauer Schale, 2014. Glas, H 15 x Ø 20 cm. Photo Stuart McIntre"
"Tora Urup","5Nnn2PqcEKG4dqRP9h4UlW","Yes","Objekt mit blauen und klaren Schichten, 2015","2015","https://artaurea.de/wp-content/uploads/2014/06/2.Blue-clear-layers.h10x-w-31-cm-©Tora-Urup-2015.-Photo-Stuart-McIntyre.jpg","2.Blue-clear-layers.h10x-w-31-cm-©Tora-Urup-2015.-Photo-Stuart-McIntyre.jpg","Objekt mit blauen und klaren Schichten, 2015. Glas, H 10 x Ø 31 cm. Photo Stuart McIntyre"
"Tora Urup","5Nnn2PqcEKG4dqRP9h4UlW","Yes","Zylinder mit schwebender und sandfarbener Schale","","https://artaurea.de/wp-content/uploads/2014/06/tora-urup-cylinder-floating-sand-colored-bowl1.jpg","tora-urup-cylinder-floating-sand-colored-bowl1.jpg","Zylinder mit schwebender und sandfarbener Schale. Glas, 12 x Ø 24,5 cm. Photo Stuart McIntyre"
"Tora Urup","5Nnn2PqcEKG4dqRP9h4UlW","Yes","Zylinder mit schwebender jadegrüner Schale","","https://artaurea.de/wp-content/uploads/2014/06/tora-urup-cylinder-floating-jade-green-bowl1.jpg","tora-urup-cylinder-floating-jade-green-bowl1.jpg","Zylinder mit schwebender jadegrüner Schale. Glas, 12 x Ø 22,5 cm. Photo Stuart McIntyre"
"Monika Vesely","5Nnn2PqcEKG4dqRP9h4hVC","Yes","Kräuselcollier. Feingoldplattiertes Silber.","","https://artaurea.de/wp-content/uploads/2014/11/AB-Kräuselcollier-vergoldet-1.jpg","AB-Kräuselcollier-vergoldet-1.jpg","Kräuselcollier. Feingoldplattiertes Silber."
"Vickermann & Stoya Maßschuhe","","No","","","https://artaurea.de/wp-content/uploads/2014/01/Vickermann-Stoya-.jpg","Vickermann-Stoya-.jpg",""
"Peter Vogel","5Nnn2PqcEKG4dqRP9h4Vju","Yes","Objekt. Eichenholz. H 40 cm x ø 36–38 cm.","","https://artaurea.de/wp-content/uploads/2016/02/Peter-Vogel-2087-033-2.jpg","Peter-Vogel-2087-033-2.jpg","Objekt. Eichenholz. H 40 cm x ø 36–38 cm."
"Edmund de Waal","5Nnn2PqcEKG4dqRP9h4Wra","Yes","Schalen, 2002. Porzellan mit Seladonglasur.","2002","https://artaurea.de/wp-content/uploads/2014/01/edmund-de-waal-seladon-vessels1.jpg","edmund-de-waal-seladon-vessels1.jpg","Schalen, 2002. Porzellan mit Seladonglasur."
"Nicole Walger","5Nnn2PqcEKG4dqRP9h4Xgg","Yes","Flitteringe. Gold 900 (Rohgoldflitter aus Flussablagerungen).","","https://artaurea.de/wp-content/uploads/2014/03/Nicole-Walger_Flitteringe.jpg","Nicole-Walger_Flitteringe.jpg","Flitteringe. Gold 900 (Rohgoldflitter aus Flussablagerungen)."
"Hans J. Wegner","","No","Three–pieced Shell Chair (dreiteiliger Muschelstuhl), 1949.","1949","https://artaurea.de/wp-content/uploads/2014/11/1.3_piece_shell_chair_1949.jpg","1.3_piece_shell_chair_1949.jpg","Three–pieced Shell Chair (dreiteiliger Muschelstuhl), 1949."
"Hans J. Wegner","","No","The Flag Halyard Chair, 1950.","1950","https://artaurea.de/wp-content/uploads/2014/11/3.FlaglineChair_GE225_1950.jpg","3.FlaglineChair_GE225_1950.jpg","The Flag Halyard Chair, 1950."
"Hans J. Wegner","","No","Tisch, 1953.","1953","https://artaurea.de/wp-content/uploads/2014/11/8.Table_.jpg","8.Table_.jpg","Tisch, 1953."
"Birgit Wortmann","","No","Schals. Seide.","","https://artaurea.de/wp-content/uploads/2014/01/DCS8842.jpg","DCS8842.jpg","Schals. Seide."
"Birgit Wortmann","","No","Schals und Stolen. Seide.","","https://artaurea.de/wp-content/uploads/2014/01/DCS8861.jpg","DCS8861.jpg","Schals und Stolen. Seide."